8400,10165,9482,8041,7939,7608,8304,8485,7278,7427,-40
10165,9482,8041,7939,7608,8304,8485,7278,7427,7556,5
9482,8041,7939,7608,8304,8485,7278,7427,7556,7763,5
8041,7939,7608,8304,8485,7278,7427,7556,7763,6995,7
7939,7608,8304,8485,7278,7427,7556,7763,6995,6593,-25
7608,8304,8485,7278,7427,7556,7763,6995,6593,6766,-13
8304,8485,7278,7427,7556,7763,6995,6593,6766,6486,6
8485,7278,7427,7556,7763,6995,6593,6766,6486,6120,-9
7278,7427,7556,7763,6995,6593,6766,6486,6120,6536,-12
7427,7556,7763,6995,6593,6766,6486,6120,6536,5462,14
7556,7763,6995,6593,6766,6486,6120,6536,5462,5906,-35
7763,6995,6593,6766,6486,6120,6536,5462,5906,7147,15
6995,6593,6766,6486,6120,6536,5462,5906,7147,6074,42
6593,6766,6486,6120,6536,5462,5906,7147,6074,6038,-35
6766,6486,6120,6536,5462,5906,7147,6074,6038,5596,-1
6486,6120,6536,5462,5906,7147,6074,6038,5596,4529,-14
6120,6536,5462,5906,7147,6074,6038,5596,4529,5149,-35
6536,5462,5906,7147,6074,6038,5596,4529,5149,6640,21
5462,5906,7147,6074,6038,5596,4529,5149,6640,7593,50
5906,7147,6074,6038,5596,4529,5149,6640,7593,6264,32
7147,6074,6038,5596,4529,5149,6640,7593,6264,6091,-44
6074,6038,5596,4529,5149,6640,7593,6264,6091,6504,-5
6038,5596,4529,5149,6640,7593,6264,6091,6504,6909,14
5596,4529,5149,6640,7593,6264,6091,6504,6909,7803,14
4529,5149,6640,7593,6264,6091,6504,6909,7803,6562,30
5149,6640,7593,6264,6091,6504,6909,7803,6562,5600,-41
6640,7593,6264,6091,6504,6909,7803,6562,5600,6091,-32
7593,6264,6091,6504,6909,7803,6562,5600,6091,5959,17
6264,6091,6504,6909,7803,6562,5600,6091,5959,6379,-4
6091,6504,6909,7803,6562,5600,6091,5959,6379,5898,14
6504,6909,7803,6562,5600,6091,5959,6379,5898,6676,-16
6909,7803,6562,5600,6091,5959,6379,5898,6676,6058,26
7803,6562,5600,6091,5959,6379,5898,6676,6058,5301,-20
6562,5600,6091,5959,6379,5898,6676,6058,5301,4311,-25
5600,6091,5959,6379,5898,6676,6058,5301,4311,4352,-33
6091,5959,6379,5898,6676,6058,5301,4311,4352,4004,2
5959,6379,5898,6676,6058,5301,4311,4352,4004,4823,-11
6379,5898,6676,6058,5301,4311,4352,4004,4823,5664,28
5898,6676,6058,5301,4311,4352,4004,4823,5664,5291,29
6676,6058,5301,4311,4352,4004,4823,5664,5291,5017,-12
6058,5301,4311,4352,4004,4823,5664,5291,5017,5778,-9
5301,4311,4352,4004,4823,5664,5291,5017,5778,4107,26
4311,4352,4004,4823,5664,5291,5017,5778,4107,3872,-50
4352,4004,4823,5664,5291,5017,5778,4107,3872,5120,-7
4004,4823,5664,5291,5017,5778,4107,3872,5120,5862,42
4823,5664,5291,5017,5778,4107,3872,5120,5862,4861,25
5664,5291,5017,5778,4107,3872,5120,5862,4861,5173,-33
5291,5017,5778,4107,3872,5120,5862,4861,5173,5614,11
5017,5778,4107,3872,5120,5862,4861,5173,5614,4019,15
5778,4107,3872,5120,5862,4861,5173,5614,4019,6558,-50
4107,3872,5120,5862,4861,5173,5614,4019,6558,4443,50
3872,5120,5862,4861,5173,5614,4019,6558,4443,3980,-50
5120,5862,4861,5173,5614,4019,6558,4443,3980,4884,-15
5862,4861,5173,5614,4019,6558,4443,3980,4884,7562,31
4861,5173,5614,4019,6558,4443,3980,4884,7562,6978,50
5173,5614,4019,6558,4443,3980,4884,7562,6978,7453,-19
5614,4019,6558,4443,3980,4884,7562,6978,7453,7683,16
4019,6558,4443,3980,4884,7562,6978,7453,7683,8347,8
6558,4443,3980,4884,7562,6978,7453,7683,8347,7850,23
4443,3980,4884,7562,6978,7453,7683,8347,7850,7069,-16
3980,4884,7562,6978,7453,7683,8347,7850,7069,7506,-26
4884,7562,6978,7453,7683,8347,7850,7069,7506,7800,15
7562,6978,7453,7683,8347,7850,7069,7506,7800,8417,10
6978,7453,7683,8347,7850,7069,7506,7800,8417,8109,21
7453,7683,8347,7850,7069,7506,7800,8417,8109,7417,-10
7683,8347,7850,7069,7506,7800,8417,8109,7417,8318,-23
8347,7850,7069,7506,7800,8417,8109,7417,8318,6942,31
7850,7069,7506,7800,8417,8109,7417,8318,6942,7089,-45
7069,7506,7800,8417,8109,7417,8318,6942,7089,6422,5
7506,7800,8417,8109,7417,8318,6942,7089,6422,7878,-22
7800,8417,8109,7417,8318,6942,7089,6422,7878,8026,49
8417,8109,7417,8318,6942,7089,6422,7878,8026,7408,5
8109,7417,8318,6942,7089,6422,7878,8026,7408,7456,-20
7417,8318,6942,7089,6422,7878,8026,7408,7456,8552,2
8318,6942,7089,6422,7878,8026,7408,7456,8552,8144,37
6942,7089,6422,7878,8026,7408,7456,8552,8144,9695,-13
7089,6422,7878,8026,7408,7456,8552,8144,9695,10640,50
6422,7878,8026,7408,7456,8552,8144,9695,10640,9098,32
7878,8026,7408,7456,8552,8144,9695,10640,9098,11069,-50
8026,7408,7456,8552,8144,9695,10640,9098,11069,9978,50
7408,7456,8552,8144,9695,10640,9098,11069,9978,9931,-36
7456,8552,8144,9695,10640,9098,11069,9978,9931,10372,-1
8552,8144,9695,10640,9098,11069,9978,9931,10372,10868,15
8144,9695,10640,9098,11069,9978,9931,10372,10868,9536,17
9695,10640,9098,11069,9978,9931,10372,10868,9536,9620,-44
10640,9098,11069,9978,9931,10372,10868,9536,9620,11131,3
9098,11069,9978,9931,10372,10868,9536,9620,11131,9552,50
11069,9978,9931,10372,10868,9536,9620,11131,9552,10940,-50
9978,9931,10372,10868,9536,9620,11131,9552,10940,11762,47
9931,10372,10868,9536,9620,11131,9552,10940,11762,12179,28
10372,10868,9536,9620,11131,9552,10940,11762,12179,12230,14
10868,9536,9620,11131,9552,10940,11762,12179,12230,12985,2
9536,9620,11131,9552,10940,11762,12179,12230,12985,12430,26
9620,11131,9552,10940,11762,12179,12230,12985,12430,12085,-18
11131,9552,10940,11762,12179,12230,12985,12430,12085,12448,-11
9552,10940,11762,12179,12230,12985,12430,12085,12448,12511,13
10940,11762,12179,12230,12985,12430,12085,12448,12511,11931,3
11762,12179,12230,12985,12430,12085,12448,12511,11931,12177,-19
12179,12230,12985,12430,12085,12448,12511,11931,12177,11656,9
12230,12985,12430,12085,12448,12511,11931,12177,11656,12030,-17
12985,12430,12085,12448,12511,11931,12177,11656,12030,13813,13
12430,12085,12448,12511,11931,12177,11656,12030,13813,12314,50
12085,12448,12511,11931,12177,11656,12030,13813,12314,14144,-49
12448,12511,11931,12177,11656,12030,13813,12314,14144,13988,50
12511,11931,12177,11656,12030,13813,12314,14144,13988,13150,-5
11931,12177,11656,12030,13813,12314,14144,13988,13150,11548,-27
12177,11656,12030,13813,12314,14144,13988,13150,11548,10644,-50
11656,12030,13813,12314,14144,13988,13150,11548,10644,11675,-30
12030,13813,12314,14144,13988,13150,11548,10644,11675,13425,35
13813,12314,14144,13988,13150,11548,10644,11675,13425,11417,50
12314,14144,13988,13150,11548,10644,11675,13425,11417,10033,-50
14144,13988,13150,11548,10644,11675,13425,11417,10033,10587,-46
13988,13150,11548,10644,11675,13425,11417,10033,10587,13250,19
13150,11548,10644,11675,13425,11417,10033,10587,13250,12739,50
11548,10644,11675,13425,11417,10033,10587,13250,12739,12140,-17
10644,11675,13425,11417,10033,10587,13250,12739,12140,9729,-19
11675,13425,11417,10033,10587,13250,12739,12140,9729,10396,-50
13425,11417,10033,10587,13250,12739,12140,9729,10396,10459,23
11417,10033,10587,13250,12739,12140,9729,10396,10459,9491,3
10033,10587,13250,12739,12140,9729,10396,10459,9491,10411,-32
10587,13250,12739,12140,9729,10396,10459,9491,10411,11816,31
13250,12739,12140,9729,10396,10459,9491,10411,11816,10164,47
12739,12140,9729,10396,10459,9491,10411,11816,10164,10174,-50
12140,9729,10396,10459,9491,10411,11816,10164,10174,9597,1
9729,10396,10459,9491,10411,11816,10164,10174,9597,9182,-19
10396,10459,9491,10411,11816,10164,10174,9597,9182,7983,-13
10459,9491,10411,11816,10164,10174,9597,9182,7983,8116,-39
9491,10411,11816,10164,10174,9597,9182,7983,8116,9560,5
10411,11816,10164,10174,9597,9182,7983,8116,9560,11214,49
11816,10164,10174,9597,9182,7983,8116,9560,11214,8935,50
10164,10174,9597,9182,7983,8116,9560,11214,8935,7365,-50
10174,9597,9182,7983,8116,9560,11214,8935,7365,6977,-50
9597,9182,7983,8116,9560,11214,8935,7365,6977,5733,-12
9182,7983,8116,9560,11214,8935,7365,6977,5733,5314,-41
7983,8116,9560,11214,8935,7365,6977,5733,5314,4684,-13
8116,9560,11214,8935,7365,6977,5733,5314,4684,4552,-21
9560,11214,8935,7365,6977,5733,5314,4684,4552,4226,-4
11214,8935,7365,6977,5733,5314,4684,4552,4226,7072,-10
8935,7365,6977,5733,5314,4684,4552,4226,7072,5289,50
7365,6977,5733,5314,4684,4552,4226,7072,5289,5954,-50
6977,5733,5314,4684,4552,4226,7072,5289,5954,4887,23
5733,5314,4684,4552,4226,7072,5289,5954,4887,5169,-35
5314,4684,4552,4226,7072,5289,5954,4887,5169,5745,10
4684,4552,4226,7072,5289,5954,4887,5169,5745,5908,20
4552,4226,7072,5289,5954,4887,5169,5745,5908,4420,6
4226,7072,5289,5954,4887,5169,5745,5908,4420,4768,-49
7072,5289,5954,4887,5169,5745,5908,4420,4768,5127,12
5289,5954,4887,5169,5745,5908,4420,4768,5127,4355,12
5954,4887,5169,5745,5908,4420,4768,5127,4355,4750,-25
4887,5169,5745,5908,4420,4768,5127,4355,4750,4639,14
5169,5745,5908,4420,4768,5127,4355,4750,4639,4738,-3
5745,5908,4420,4768,5127,4355,4750,4639,4738,4424,4
5908,4420,4768,5127,4355,4750,4639,4738,4424,4454,-10
4420,4768,5127,4355,4750,4639,4738,4424,4454,4838,1
4768,5127,4355,4750,4639,4738,4424,4454,4838,4835,13
5127,4355,4750,4639,4738,4424,4454,4838,4835,5142,0
4355,4750,4639,4738,4424,4454,4838,4835,5142,4890,11
4750,4639,4738,4424,4454,4838,4835,5142,4890,4638,-8
4639,4738,4424,4454,4838,4835,5142,4890,4638,4715,-8
4738,4424,4454,4838,4835,5142,4890,4638,4715,4688,3
4424,4454,4838,4835,5142,4890,4638,4715,4688,4510,0
4454,4838,4835,5142,4890,4638,4715,4688,4510,4225,-5
4838,4835,5142,4890,4638,4715,4688,4510,4225,4734,-9
4835,5142,4890,4638,4715,4688,4510,4225,4734,5138,17
5142,4890,4638,4715,4688,4510,4225,4734,5138,5148,14
4890,4638,4715,4688,4510,4225,4734,5138,5148,4137,1
4638,4715,4688,4510,4225,4734,5138,5148,4137,4661,-33
4715,4688,4510,4225,4734,5138,5148,4137,4661,4434,18
4688,4510,4225,4734,5138,5148,4137,4661,4434,4602,-7
4510,4225,4734,5138,5148,4137,4661,4434,4602,4317,6
4225,4734,5138,5148,4137,4661,4434,4602,4317,4154,-9
4734,5138,5148,4137,4661,4434,4602,4317,4154,4347,-5
5138,5148,4137,4661,4434,4602,4317,4154,4347,4991,7
5148,4137,4661,4434,4602,4317,4154,4347,4991,4772,22
4137,4661,4434,4602,4317,4154,4347,4991,4772,4005,-7
4661,4434,4602,4317,4154,4347,4991,4772,4005,4394,-25
4434,4602,4317,4154,4347,4991,4772,4005,4394,3012,13
4602,4317,4154,4347,4991,4772,4005,4394,3012,3894,-46
4317,4154,4347,4991,4772,4005,4394,3012,3894,3190,30
4154,4347,4991,4772,4005,4394,3012,3894,3190,3183,-23
4347,4991,4772,4005,4394,3012,3894,3190,3183,3457,0
4991,4772,4005,4394,3012,3894,3190,3183,3457,3856,10
4772,4005,4394,3012,3894,3190,3183,3457,3856,4071,14
4005,4394,3012,3894,3190,3183,3457,3856,4071,4175,8
4394,3012,3894,3190,3183,3457,3856,4071,4175,3934,4
3012,3894,3190,3183,3457,3856,4071,4175,3934,2331,-8
3894,3190,3183,3457,3856,4071,4175,3934,2331,3976,-50
3190,3183,3457,3856,4071,4175,3934,2331,3976,3690,50
3183,3457,3856,4071,4175,3934,2331,3976,3690,3332,-9
3457,3856,4071,4175,3934,2331,3976,3690,3332,4155,-11
3856,4071,4175,3934,2331,3976,3690,3332,4155,4328,28
4071,4175,3934,2331,3976,3690,3332,4155,4328,3639,6
4175,3934,2331,3976,3690,3332,4155,4328,3639,3152,-22
3934,2331,3976,3690,3332,4155,4328,3639,3152,2551,-16
2331,3976,3690,3332,4155,4328,3639,3152,2551,3888,-20
3976,3690,3332,4155,4328,3639,3152,2551,3888,4361,45
3690,3332,4155,4328,3639,3152,2551,3888,4361,3994,16
3332,4155,4328,3639,3152,2551,3888,4361,3994,4357,-12
4155,4328,3639,3152,2551,3888,4361,3994,4357,3627,13
4328,3639,3152,2551,3888,4361,3994,4357,3627,3457,-24
3639,3152,2551,3888,4361,3994,4357,3627,3457,5056,-5
3152,2551,3888,4361,3994,4357,3627,3457,5056,4950,50
2551,3888,4361,3994,4357,3627,3457,5056,4950,4757,-3
3888,4361,3994,4357,3627,3457,5056,4950,4757,5099,-6
4361,3994,4357,3627,3457,5056,4950,4757,5099,4126,12
3994,4357,3627,3457,5056,4950,4757,5099,4126,3677,-32
4357,3627,3457,5056,4950,4757,5099,4126,3677,4649,-14
3627,3457,5056,4950,4757,5099,4126,3677,4649,4739,33
3457,5056,4950,4757,5099,4126,3677,4649,4739,4067,3
5056,4950,4757,5099,4126,3677,4649,4739,4067,4011,-22
4950,4757,5099,4126,3677,4649,4739,4067,4011,3730,-1
4757,5099,4126,3677,4649,4739,4067,4011,3730,4862,-9
5099,4126,3677,4649,4739,4067,4011,3730,4862,5011,38
4126,3677,4649,4739,4067,4011,3730,4862,5011,4458,5
3677,4649,4739,4067,4011,3730,4862,5011,4458,4750,-18
4649,4739,4067,4011,3730,4862,5011,4458,4750,4144,10
4739,4067,4011,3730,4862,5011,4458,4750,4144,4309,-20
4067,4011,3730,4862,5011,4458,4750,4144,4309,4779,6
4011,3730,4862,5011,4458,4750,4144,4309,4779,4579,16
3730,4862,5011,4458,4750,4144,4309,4779,4579,4722,-6
4862,5011,4458,4750,4144,4309,4779,4579,4722,5410,5
5011,4458,4750,4144,4309,4779,4579,4722,5410,4939,23
4458,4750,4144,4309,4779,4579,4722,5410,4939,4583,-15
4750,4144,4309,4779,4579,4722,5410,4939,4583,4562,-11
4144,4309,4779,4579,4722,5410,4939,4583,4562,4598,0
4309,4779,4579,4722,5410,4939,4583,4562,4598,4926,2
4779,4579,4722,5410,4939,4583,4562,4598,4926,6304,11
4579,4722,5410,4939,4583,4562,4598,4926,6304,6596,46
4722,5410,4939,4583,4562,4598,4926,6304,6596,5523,10
5410,4939,4583,4562,4598,4926,6304,6596,5523,6810,-35
4939,4583,4562,4598,4926,6304,6596,5523,6810,6145,43
4583,4562,4598,4926,6304,6596,5523,6810,6145,5244,-22
4562,4598,4926,6304,6596,5523,6810,6145,5244,5989,-30
4598,4926,6304,6596,5523,6810,6145,5244,5989,8045,25
4926,6304,6596,5523,6810,6145,5244,5989,8045,7451,50
6304,6596,5523,6810,6145,5244,5989,8045,7451,7681,-19
6596,5523,6810,6145,5244,5989,8045,7451,7681,6864,8
5523,6810,6145,5244,5989,8045,7451,7681,6864,5281,-27
6810,6145,5244,5989,8045,7451,7681,6864,5281,4992,-50
6145,5244,5989,8045,7451,7681,6864,5281,4992,6941,-9
5244,5989,8045,7451,7681,6864,5281,4992,6941,5743,50
5989,8045,7451,7681,6864,5281,4992,6941,5743,6307,-39
8045,7451,7681,6864,5281,4992,6941,5743,6307,7264,19
7451,7681,6864,5281,4992,6941,5743,6307,7264,6462,32
7681,6864,5281,4992,6941,5743,6307,7264,6462,7096,-26
6864,5281,4992,6941,5743,6307,7264,6462,7096,9446,22
5281,4992,6941,5743,6307,7264,6462,7096,9446,6449,50
4992,6941,5743,6307,7264,6462,7096,9446,6449,6905,-50
6941,5743,6307,7264,6462,7096,9446,6449,6905,6953,16
5743,6307,7264,6462,7096,9446,6449,6905,6953,7043,2
6307,7264,6462,7096,9446,6449,6905,6953,7043,8029,3
7264,6462,7096,9446,6449,6905,6953,7043,8029,6111,33
6462,7096,9446,6449,6905,6953,7043,8029,6111,7953,-50
7096,9446,6449,6905,6953,7043,8029,6111,7953,6172,50
9446,6449,6905,6953,7043,8029,6111,7953,6172,6032,-50
6449,6905,6953,7043,8029,6111,7953,6172,6032,7016,-4
6905,6953,7043,8029,6111,7953,6172,6032,7016,8243,33
6953,7043,8029,6111,7953,6172,6032,7016,8243,6867,41
7043,8029,6111,7953,6172,6032,7016,8243,6867,8766,-45
8029,6111,7953,6172,6032,7016,8243,6867,8766,7851,50
6111,7953,6172,6032,7016,8243,6867,8766,7851,7976,-30
7953,6172,6032,7016,8243,6867,8766,7851,7976,8058,5
6172,6032,7016,8243,6867,8766,7851,7976,8058,7472,3
6032,7016,8243,6867,8766,7851,7976,8058,7472,6312,-19
7016,8243,6867,8766,7851,7976,8058,7472,6312,7138,-38
8243,6867,8766,7851,7976,8058,7472,6312,7138,6941,28
6867,8766,7851,7976,8058,7472,6312,7138,6941,7395,-6
8766,7851,7976,8058,7472,6312,7138,6941,7395,7077,16
7851,7976,8058,7472,6312,7138,6941,7395,7077,5890,-10
7976,8058,7472,6312,7138,6941,7395,7077,5890,4996,-39
8058,7472,6312,7138,6941,7395,7077,5890,4996,6480,-29
7472,6312,7138,6941,7395,7077,5890,4996,6480,5970,50
6312,7138,6941,7395,7077,5890,4996,6480,5970,6851,-17
7138,6941,7395,7077,5890,4996,6480,5970,6851,5562,30
6941,7395,7077,5890,4996,6480,5970,6851,5562,5521,-42
7395,7077,5890,4996,6480,5970,6851,5562,5521,5026,-1
7077,5890,4996,6480,5970,6851,5562,5521,5026,5128,-16
5890,4996,6480,5970,6851,5562,5521,5026,5128,4960,4
4996,6480,5970,6851,5562,5521,5026,5128,4960,4483,-5
6480,5970,6851,5562,5521,5026,5128,4960,4483,6302,-15
5970,6851,5562,5521,5026,5128,4960,4483,6302,4928,50
6851,5562,5521,5026,5128,4960,4483,6302,4928,4550,-45
5562,5521,5026,5128,4960,4483,6302,4928,4550,4626,-12
5521,5026,5128,4960,4483,6302,4928,4550,4626,4541,3
5026,5128,4960,4483,6302,4928,4550,4626,4541,5020,-2
5128,4960,4483,6302,4928,4550,4626,4541,5020,4594,16
4960,4483,6302,4928,4550,4626,4541,5020,4594,5337,-14
4483,6302,4928,4550,4626,4541,5020,4594,5337,4735,25
6302,4928,4550,4626,4541,5020,4594,5337,4735,4830,-20
4928,4550,4626,4541,5020,4594,5337,4735,4830,4044,4
4550,4626,4541,5020,4594,5337,4735,4830,4044,4512,-26
4626,4541,5020,4594,5337,4735,4830,4044,4512,3988,16
4541,5020,4594,5337,4735,4830,4044,4512,3988,4883,-17
5020,4594,5337,4735,4830,4044,4512,3988,4883,4568,30
4594,5337,4735,4830,4044,4512,3988,4883,4568,4395,-10
5337,4735,4830,4044,4512,3988,4883,4568,4395,4569,-5
4735,4830,4044,4512,3988,4883,4568,4395,4569,4343,6
4830,4044,4512,3988,4883,4568,4395,4569,4343,4928,-7
4044,4512,3988,4883,4568,4395,4569,4343,4928,4026,20
4512,3988,4883,4568,4395,4569,4343,4928,4026,4892,-30
3988,4883,4568,4395,4569,4343,4928,4026,4892,4970,29
4883,4568,4395,4569,4343,4928,4026,4892,4970,5089,3
4568,4395,4569,4343,4928,4026,4892,4970,5089,4447,4
4395,4569,4343,4928,4026,4892,4970,5089,4447,4608,-21
4569,4343,4928,4026,4892,4970,5089,4447,4608,3634,6
4343,4928,4026,4892,4970,5089,4447,4608,3634,4369,-32
4928,4026,4892,4970,5089,4447,4608,3634,4369,4865,25
4026,4892,4970,5089,4447,4608,3634,4369,4865,4196,17
4892,4970,5089,4447,4608,3634,4369,4865,4196,5044,-22
4970,5089,4447,4608,3634,4369,4865,4196,5044,5015,29
5089,4447,4608,3634,4369,4865,4196,5044,5015,4317,0
4447,4608,3634,4369,4865,4196,5044,5015,4317,4908,-23
4608,3634,4369,4865,4196,5044,5015,4317,4908,4912,20
3634,4369,4865,4196,5044,5015,4317,4908,4912,4461,1
4369,4865,4196,5044,5015,4317,4908,4912,4461,4279,-15
4865,4196,5044,5015,4317,4908,4912,4461,4279,4231,-6
4196,5044,5015,4317,4908,4912,4461,4279,4231,4181,-1
5044,5015,4317,4908,4912,4461,4279,4231,4181,4819,-1
5015,4317,4908,4912,4461,4279,4231,4181,4819,4505,22
4317,4908,4912,4461,4279,4231,4181,4819,4505,4540,-10
4908,4912,4461,4279,4231,4181,4819,4505,4540,5130,2
4912,4461,4279,4231,4181,4819,4505,4540,5130,4439,20
4461,4279,4231,4181,4819,4505,4540,5130,4439,4050,-23
4279,4231,4181,4819,4505,4540,5130,4439,4050,4502,-12
4231,4181,4819,4505,4540,5130,4439,4050,4502,2421,16
4181,4819,4505,4540,5130,4439,4050,4502,2421,3850,-50
4819,4505,4540,5130,4439,4050,4502,2421,3850,4342,48
4505,4540,5130,4439,4050,4502,2421,3850,4342,4428,17
4540,5130,4439,4050,4502,2421,3850,4342,4428,3701,3
5130,4439,4050,4502,2421,3850,4342,4428,3701,3675,-24
4439,4050,4502,2421,3850,4342,4428,3701,3675,3723,0
4050,4502,2421,3850,4342,4428,3701,3675,3723,3456,2
4502,2421,3850,4342,4428,3701,3675,3723,3456,4408,-8
2421,3850,4342,4428,3701,3675,3723,3456,4408,2260,32
3850,4342,4428,3701,3675,3723,3456,4408,2260,3690,-50
4342,4428,3701,3675,3723,3456,4408,2260,3690,2292,48
4428,3701,3675,3723,3456,4408,2260,3690,2292,4320,-46
3701,3675,3723,3456,4408,2260,3690,2292,4320,3990,50
3675,3723,3456,4408,2260,3690,2292,4320,3990,4404,-11
3723,3456,4408,2260,3690,2292,4320,3990,4404,4328,14
3456,4408,2260,3690,2292,4320,3990,4404,4328,3965,-2
4408,2260,3690,2292,4320,3990,4404,4328,3965,4056,-12
2260,3690,2292,4320,3990,4404,4328,3965,4056,3573,4
3690,2292,4320,3990,4404,4328,3965,4056,3573,2379,-16
2292,4320,3990,4404,4328,3965,4056,3573,2379,4766,-39
4320,3990,4404,4328,3965,4056,3573,2379,4766,4156,50
3990,4404,4328,3965,4056,3573,2379,4766,4156,4632,-20
4404,4328,3965,4056,3573,2379,4766,4156,4632,4736,16
4328,3965,4056,3573,2379,4766,4156,4632,4736,5222,4
3965,4056,3573,2379,4766,4156,4632,4736,5222,4736,17
4056,3573,2379,4766,4156,4632,4736,5222,4736,4336,-16
3573,2379,4766,4156,4632,4736,5222,4736,4336,4848,-13
2379,4766,4156,4632,4736,5222,4736,4336,4848,4685,18
4766,4156,4632,4736,5222,4736,4336,4848,4685,4977,-5
4156,4632,4736,5222,4736,4336,4848,4685,4977,4792,10
4632,4736,5222,4736,4336,4848,4685,4977,4792,5015,-6
4736,5222,4736,4336,4848,4685,4977,4792,5015,5494,8
5222,4736,4336,4848,4685,4977,4792,5015,5494,5071,16
4736,4336,4848,4685,4977,4792,5015,5494,5071,4697,-14
4336,4848,4685,4977,4792,5015,5494,5071,4697,4456,-12
4848,4685,4977,4792,5015,5494,5071,4697,4456,4905,-8
4685,4977,4792,5015,5494,5071,4697,4456,4905,5409,15
4977,4792,5015,5494,5071,4697,4456,4905,5409,4663,17
4792,5015,5494,5071,4697,4456,4905,5409,4663,5403,-24
5015,5494,5071,4697,4456,4905,5409,4663,5403,5081,25
5494,5071,4697,4456,4905,5409,4663,5403,5081,3924,-10
5071,4697,4456,4905,5409,4663,5403,5081,3924,4763,-38
4697,4456,4905,5409,4663,5403,5081,3924,4763,5692,28
4456,4905,5409,4663,5403,5081,3924,4763,5692,5310,31
4905,5409,4663,5403,5081,3924,4763,5692,5310,5163,-12
5409,4663,5403,5081,3924,4763,5692,5310,5163,4955,-4
4663,5403,5081,3924,4763,5692,5310,5163,4955,5121,-6
5403,5081,3924,4763,5692,5310,5163,4955,5121,6043,6
5081,3924,4763,5692,5310,5163,4955,5121,6043,6078,31
3924,4763,5692,5310,5163,4955,5121,6043,6078,6154,2
4763,5692,5310,5163,4955,5121,6043,6078,6154,6741,3
5692,5310,5163,4955,5121,6043,6078,6154,6741,6219,20
5310,5163,4955,5121,6043,6078,6154,6741,6219,6092,-17
5163,4955,5121,6043,6078,6154,6741,6219,6092,6336,-4
4955,5121,6043,6078,6154,6741,6219,6092,6336,6147,9
5121,6043,6078,6154,6741,6219,6092,6336,6147,6366,-6
6043,6078,6154,6741,6219,6092,6336,6147,6366,5188,8
6078,6154,6741,6219,6092,6336,6147,6366,5188,7640,-39
6154,6741,6219,6092,6336,6147,6366,5188,7640,7136,50
6741,6219,6092,6336,6147,6366,5188,7640,7136,6212,-16
6219,6092,6336,6147,6366,5188,7640,7136,6212,9119,-30
6092,6336,6147,6366,5188,7640,7136,6212,9119,8372,50
6336,6147,6366,5188,7640,7136,6212,9119,8372,7412,-24
6147,6366,5188,7640,7136,6212,9119,8372,7412,8732,-32
6366,5188,7640,7136,6212,9119,8372,7412,8732,8496,44
5188,7640,7136,6212,9119,8372,7412,8732,8496,8248,-7
7640,7136,6212,9119,8372,7412,8732,8496,8248,8342,-8
7136,6212,9119,8372,7412,8732,8496,8248,8342,7951,4
6212,9119,8372,7412,8732,8496,8248,8342,7951,7812,-13
9119,8372,7412,8732,8496,8248,8342,7951,7812,5742,-4
8372,7412,8732,8496,8248,8342,7951,7812,5742,6619,-50
7412,8732,8496,8248,8342,7951,7812,5742,6619,6494,30
8732,8496,8248,8342,7951,7812,5742,6619,6494,6394,-4
8496,8248,8342,7951,7812,5742,6619,6494,6394,6720,-3
8248,8342,7951,7812,5742,6619,6494,6394,6720,9058,11
8342,7951,7812,5742,6619,6494,6394,6720,9058,7623,50
7951,7812,5742,6619,6494,6394,6720,9058,7623,6700,-47
7812,5742,6619,6494,6394,6720,9058,7623,6700,6063,-30
5742,6619,6494,6394,6720,9058,7623,6700,6063,6523,-21
6619,6494,6394,6720,9058,7623,6700,6063,6523,6741,16
6494,6394,6720,9058,7623,6700,6063,6523,6741,6366,8
6394,6720,9058,7623,6700,6063,6523,6741,6366,5670,-12
6720,9058,7623,6700,6063,6523,6741,6366,5670,8623,-23
9058,7623,6700,6063,6523,6741,6366,5670,8623,7434,50
7623,6700,6063,6523,6741,6366,5670,8623,7434,6749,-39
6700,6063,6523,6741,6366,5670,8623,7434,6749,5818,-22
6063,6523,6741,6366,5670,8623,7434,6749,5818,6055,-31
6523,6741,6366,5670,8623,7434,6749,5818,6055,7125,8
6741,6366,5670,8623,7434,6749,5818,6055,7125,6544,36
6366,5670,8623,7434,6749,5818,6055,7125,6544,6084,-19
5670,8623,7434,6749,5818,6055,7125,6544,6084,5387,-15
8623,7434,6749,5818,6055,7125,6544,6084,5387,5599,-23
7434,6749,5818,6055,7125,6544,6084,5387,5599,5842,8
6749,5818,6055,7125,6544,6084,5387,5599,5842,5144,9
5818,6055,7125,6544,6084,5387,5599,5842,5144,5437,-23
6055,7125,6544,6084,5387,5599,5842,5144,5437,5303,10
7125,6544,6084,5387,5599,5842,5144,5437,5303,5051,-4
6544,6084,5387,5599,5842,5144,5437,5303,5051,5587,-8
6084,5387,5599,5842,5144,5437,5303,5051,5587,5196,18
5387,5599,5842,5144,5437,5303,5051,5587,5196,5045,-13
5599,5842,5144,5437,5303,5051,5587,5196,5045,4836,-5
5842,5144,5437,5303,5051,5587,5196,5045,4836,5295,-6
5144,5437,5303,5051,5587,5196,5045,4836,5295,5311,16
5437,5303,5051,5587,5196,5045,4836,5295,5311,4734,1
5303,5051,5587,5196,5045,4836,5295,5311,4734,5157,-19
5051,5587,5196,5045,4836,5295,5311,4734,5157,5183,15
5587,5196,5045,4836,5295,5311,4734,5157,5183,4945,1
5196,5045,4836,5295,5311,4734,5157,5183,4945,5448,-7
5045,4836,5295,5311,4734,5157,5183,4945,5448,4455,17
4836,5295,5311,4734,5157,5183,4945,5448,4455,4926,-33
5295,5311,4734,5157,5183,4945,5448,4455,4926,5261,16
5311,4734,5157,5183,4945,5448,4455,4926,5261,4920,12
4734,5157,5183,4945,5448,4455,4926,5261,4920,5469,-11
5157,5183,4945,5448,4455,4926,5261,4920,5469,5166,19
5183,4945,5448,4455,4926,5261,4920,5469,5166,5095,-10
4945,5448,4455,4926,5261,4920,5469,5166,5095,5674,-2
5448,4455,4926,5261,4920,5469,5166,5095,5674,4462,20
4455,4926,5261,4920,5469,5166,5095,5674,4462,5065,-40
4926,5261,4920,5469,5166,5095,5674,4462,5065,4840,21
5261,4920,5469,5166,5095,5674,4462,5065,4840,5180,-7
4920,5469,5166,5095,5674,4462,5065,4840,5180,5267,12
5469,5166,5095,5674,4462,5065,4840,5180,5267,6015,3
5166,5095,5674,4462,5065,4840,5180,5267,6015,5010,25
5095,5674,4462,5065,4840,5180,5267,6015,5010,5871,-33
5674,4462,5065,4840,5180,5267,6015,5010,5871,4886,29
4462,5065,4840,5180,5267,6015,5010,5871,4886,5650,-32
5065,4840,5180,5267,6015,5010,5871,4886,5650,4989,26
4840,5180,5267,6015,5010,5871,4886,5650,4989,5160,-22
5180,5267,6015,5010,5871,4886,5650,4989,5160,5101,6
5267,6015,5010,5871,4886,5650,4989,5160,5101,5618,-1
6015,5010,5871,4886,5650,4989,5160,5101,5618,6428,18
5010,5871,4886,5650,4989,5160,5101,5618,6428,5465,27
5871,4886,5650,4989,5160,5101,5618,6428,5465,5301,-32
4886,5650,4989,5160,5101,5618,6428,5465,5301,5324,-5
5650,4989,5160,5101,5618,6428,5465,5301,5324,4700,1
4989,5160,5101,5618,6428,5465,5301,5324,4700,4307,-20
5160,5101,5618,6428,5465,5301,5324,4700,4307,4407,-13
5101,5618,6428,5465,5301,5324,4700,4307,4407,4146,4
5618,6428,5465,5301,5324,4700,4307,4407,4146,5202,-8
6428,5465,5301,5324,4700,4307,4407,4146,5202,5129,36
5465,5301,5324,4700,4307,4407,4146,5202,5129,4602,-2
5301,5324,4700,4307,4407,4146,5202,5129,4602,4953,-17
5324,4700,4307,4407,4146,5202,5129,4602,4953,5040,12
4700,4307,4407,4146,5202,5129,4602,4953,5040,4937,3
4307,4407,4146,5202,5129,4602,4953,5040,4937,5130,-3
4407,4146,5202,5129,4602,4953,5040,4937,5130,4773,7
4146,5202,5129,4602,4953,5040,4937,5130,4773,5273,-11
5202,5129,4602,4953,5040,4937,5130,4773,5273,5470,17
5129,4602,4953,5040,4937,5130,4773,5273,5470,5553,7
4602,4953,5040,4937,5130,4773,5273,5470,5553,5868,3
4953,5040,4937,5130,4773,5273,5470,5553,5868,5322,11
5040,4937,5130,4773,5273,5470,5553,5868,5322,6901,-18
4937,5130,4773,5273,5470,5553,5868,5322,6901,6964,50
5130,4773,5273,5470,5553,5868,5322,6901,6964,6471,3
4773,5273,5470,5553,5868,5322,6901,6964,6471,6499,-16
5273,5470,5553,5868,5322,6901,6964,6471,6499,6223,1
5470,5553,5868,5322,6901,6964,6471,6499,6223,7116,-9
5553,5868,5322,6901,6964,6471,6499,6223,7116,7223,30
5868,5322,6901,6964,6471,6499,6223,7116,7223,8579,4
5322,6901,6964,6471,6499,6223,7116,7223,8579,8644,46
6901,6964,6471,6499,6223,7116,7223,8579,8644,8771,3
6964,6471,6499,6223,7116,7223,8579,8644,8771,9097,5
6471,6499,6223,7116,7223,8579,8644,8771,9097,9834,11
6499,6223,7116,7223,8579,8644,8771,9097,9834,8910,25
6223,7116,7223,8579,8644,8771,9097,9834,8910,7287,-30
7116,7223,8579,8644,8771,9097,9834,8910,7287,7946,-50
7223,8579,8644,8771,9097,9834,8910,7287,7946,7408,22
8579,8644,8771,9097,9834,8910,7287,7946,7408,7493,-17
8644,8771,9097,9834,8910,7287,7946,7408,7493,8930,3
8771,9097,9834,8910,7287,7946,7408,7493,8930,7932,48
9097,9834,8910,7287,7946,7408,7493,8930,7932,8234,-33
9834,8910,7287,7946,7408,7493,8930,7932,8234,9655,11
8910,7287,7946,7408,7493,8930,7932,8234,9655,9561,48
7287,7946,7408,7493,8930,7932,8234,9655,9561,9118,-3
7946,7408,7493,8930,7932,8234,9655,9561,9118,8168,-14
7408,7493,8930,7932,8234,9655,9561,9118,8168,7978,-31
7493,8930,7932,8234,9655,9561,9118,8168,7978,9735,-6
8930,7932,8234,9655,9561,9118,8168,7978,9735,9881,50
7932,8234,9655,9561,9118,8168,7978,9735,9881,10145,5
8234,9655,9561,9118,8168,7978,9735,9881,10145,9667,9
9655,9561,9118,8168,7978,9735,9881,10145,9667,8681,-15
9561,9118,8168,7978,9735,9881,10145,9667,8681,9555,-32
9118,8168,7978,9735,9881,10145,9667,8681,9555,10646,30
8168,7978,9735,9881,10145,9667,8681,9555,10646,10501,37
7978,9735,9881,10145,9667,8681,9555,10646,10501,10556,-4
9735,9881,10145,9667,8681,9555,10646,10501,10556,12009,2
9881,10145,9667,8681,9555,10646,10501,10556,12009,10427,49
10145,9667,8681,9555,10646,10501,10556,12009,10427,11115,-50
9667,8681,9555,10646,10501,10556,12009,10427,11115,12410,23
8681,9555,10646,10501,10556,12009,10427,11115,12410,11956,44
9555,10646,10501,10556,12009,10427,11115,12410,11956,13269,-15
10646,10501,10556,12009,10427,11115,12410,11956,13269,12675,44
10501,10556,12009,10427,11115,12410,11956,13269,12675,13237,-19
10556,12009,10427,11115,12410,11956,13269,12675,13237,13159,19
12009,10427,11115,12410,11956,13269,12675,13237,13159,11423,-2
10427,11115,12410,11956,13269,12675,13237,13159,11423,13889,-50
11115,12410,11956,13269,12675,13237,13159,11423,13889,12851,50
12410,11956,13269,12675,13237,13159,11423,13889,12851,14947,-34
11956,13269,12675,13237,13159,11423,13889,12851,14947,13549,50
13269,12675,13237,13159,11423,13889,12851,14947,13549,12569,-46
12675,13237,13159,11423,13889,12851,14947,13549,12569,12642,-32
13237,13159,11423,13889,12851,14947,13549,12569,12642,13122,3
13159,11423,13889,12851,14947,13549,12569,12642,13122,13246,16
11423,13889,12851,14947,13549,12569,12642,13122,13246,13330,5
13889,12851,14947,13549,12569,12642,13122,13246,13330,12049,3
12851,14947,13549,12569,12642,13122,13246,13330,12049,13644,-42
14947,13549,12569,12642,13122,13246,13330,12049,13644,13524,50
13549,12569,12642,13122,13246,13330,12049,13644,13524,13979,-4
12569,12642,13122,13246,13330,12049,13644,13524,13979,15015,16
12642,13122,13246,13330,12049,13644,13524,13979,15015,15283,35
13122,13246,13330,12049,13644,13524,13979,15015,15283,14550,9
13246,13330,12049,13644,13524,13979,15015,15283,14550,12515,-24
13330,12049,13644,13524,13979,15015,15283,14550,12515,14852,-50
12049,13644,13524,13979,15015,15283,14550,12515,14852,11723,50
13644,13524,13979,15015,15283,14550,12515,14852,11723,13676,-50
13524,13979,15015,15283,14550,12515,14852,11723,13676,13972,50
13979,15015,15283,14550,12515,14852,11723,13676,13972,12538,10
15015,15283,14550,12515,14852,11723,13676,13972,12538,13307,-47
15283,14550,12515,14852,11723,13676,13972,12538,13307,13001,26
14550,12515,14852,11723,13676,13972,12538,13307,13001,13840,-10
12515,14852,11723,13676,13972,12538,13307,13001,13840,11812,28
14852,11723,13676,13972,12538,13307,13001,13840,11812,12160,-50
11723,13676,13972,12538,13307,13001,13840,11812,12160,13487,12
13676,13972,12538,13307,13001,13840,11812,12160,13487,13845,45
13972,12538,13307,13001,13840,11812,12160,13487,13845,12390,12
12538,13307,13001,13840,11812,12160,13487,13845,12390,9849,-48
13307,13001,13840,11812,12160,13487,13845,12390,9849,11262,-50
13001,13840,11812,12160,13487,13845,12390,9849,11262,10976,48
13840,11812,12160,13487,13845,12390,9849,11262,10976,10038,-9
11812,12160,13487,13845,12390,9849,11262,10976,10038,11109,-31
12160,13487,13845,12390,9849,11262,10976,10038,11109,11011,36
13487,13845,12390,9849,11262,10976,10038,11109,11011,10079,-3
13845,12390,9849,11262,10976,10038,11109,11011,10079,11877,-31
12390,9849,11262,10976,10038,11109,11011,10079,11877,10177,50
9849,11262,10976,10038,11109,11011,10079,11877,10177,10213,-50
11262,10976,10038,11109,11011,10079,11877,10177,10213,10713,2
10976,10038,11109,11011,10079,11877,10177,10213,10713,9699,17
10038,11109,11011,10079,11877,10177,10213,10713,9699,10792,-33
11109,11011,10079,11877,10177,10213,10713,9699,10792,9701,37
11011,10079,11877,10177,10213,10713,9699,10792,9701,9924,-36
10079,11877,10177,10213,10713,9699,10792,9701,9924,10156,8
11877,10177,10213,10713,9699,10792,9701,9924,10156,9182,8
10177,10213,10713,9699,10792,9701,9924,10156,9182,9363,-32
10213,10713,9699,10792,9701,9924,10156,9182,9363,9277,7
10713,9699,10792,9701,9924,10156,9182,9363,9277,8911,-2
9699,10792,9701,9924,10156,9182,9363,9277,8911,8808,-12
10792,9701,9924,10156,9182,9363,9277,8911,8808,9404,-3
9701,9924,10156,9182,9363,9277,8911,8808,9404,9675,20
9924,10156,9182,9363,9277,8911,8808,9404,9675,8622,10
10156,9182,9363,9277,8911,8808,9404,9675,8622,6543,-35
9182,9363,9277,8911,8808,9404,9675,8622,6543,8037,-50
9363,9277,8911,8808,9404,9675,8622,6543,8037,7264,50
9277,8911,8808,9404,9675,8622,6543,8037,7264,6940,-25
8911,8808,9404,9675,8622,6543,8037,7264,6940,6637,-10
8808,9404,9675,8622,6543,8037,7264,6940,6637,6640,-10
9404,9675,8622,6543,8037,7264,6940,6637,6640,7280,1
9675,8622,6543,8037,7264,6940,6637,6640,7280,7531,22
8622,6543,8037,7264,6940,6637,6640,7280,7531,8387,9
6543,8037,7264,6940,6637,6640,7280,7531,8387,8016,29
8037,7264,6940,6637,6640,7280,7531,8387,8016,6931,-12
7264,6940,6637,6640,7280,7531,8387,8016,6931,7085,-36
6940,6637,6640,7280,7531,8387,8016,6931,7085,7970,6
6637,6640,7280,7531,8387,8016,6931,7085,7970,7310,30
6640,7280,7531,8387,8016,6931,7085,7970,7310,8319,-22
7280,7531,8387,8016,6931,7085,7970,7310,8319,6216,34
7531,8387,8016,6931,7085,7970,7310,8319,6216,5483,-50
8387,8016,6931,7085,7970,7310,8319,6216,5483,5731,-24
8016,6931,7085,7970,7310,8319,6216,5483,5731,5791,9
6931,7085,7970,7310,8319,6216,5483,5731,5791,6420,2
7085,7970,7310,8319,6216,5483,5731,5791,6420,5647,21
7970,7310,8319,6216,5483,5731,5791,6420,5647,5444,-25
7310,8319,6216,5483,5731,5791,6420,5647,5444,6103,-6
8319,6216,5483,5731,5791,6420,5647,5444,6103,5708,22
6216,5483,5731,5791,6420,5647,5444,6103,5708,6829,-13
5483,5731,5791,6420,5647,5444,6103,5708,6829,5181,38
5731,5791,6420,5647,5444,6103,5708,6829,5181,4867,-50
5791,6420,5647,5444,6103,5708,6829,5181,4867,4881,-10
6420,5647,5444,6103,5708,6829,5181,4867,4881,4945,1
5647,5444,6103,5708,6829,5181,4867,4881,4945,4490,3
5444,6103,5708,6829,5181,4867,4881,4945,4490,5328,-15
6103,5708,6829,5181,4867,4881,4945,4490,5328,5107,28
5708,6829,5181,4867,4881,4945,4490,5328,5107,4331,-7
6829,5181,4867,4881,4945,4490,5328,5107,4331,5081,-25
5181,4867,4881,4945,4490,5328,5107,4331,5081,4739,25
4867,4881,4945,4490,5328,5107,4331,5081,4739,4429,-11
4881,4945,4490,5328,5107,4331,5081,4739,4429,4956,-10
4945,4490,5328,5107,4331,5081,4739,4429,4956,4850,18
4490,5328,5107,4331,5081,4739,4429,4956,4850,5160,-3
5328,5107,4331,5081,4739,4429,4956,4850,5160,5073,11
5107,4331,5081,4739,4429,4956,4850,5160,5073,5268,-2
4331,5081,4739,4429,4956,4850,5160,5073,5268,5910,7
5081,4739,4429,4956,4850,5160,5073,5268,5910,5638,22
4739,4429,4956,4850,5160,5073,5268,5910,5638,6374,-9
4429,4956,4850,5160,5073,5268,5910,5638,6374,5506,25
4956,4850,5160,5073,5268,5910,5638,6374,5506,6209,-28
4850,5160,5073,5268,5910,5638,6374,5506,6209,7519,24
5160,5073,5268,5910,5638,6374,5506,6209,7519,5310,44
5073,5268,5910,5638,6374,5506,6209,7519,5310,5743,-50
5268,5910,5638,6374,5506,6209,7519,5310,5743,6490,15
5910,5638,6374,5506,6209,7519,5310,5743,6490,8007,25
5638,6374,5506,6209,7519,5310,5743,6490,8007,8783,50
6374,5506,6209,7519,5310,5743,6490,8007,8783,8588,26
5506,6209,7519,5310,5743,6490,8007,8783,8588,9619,-6
6209,7519,5310,5743,6490,8007,8783,8588,9619,9726,35
7519,5310,5743,6490,8007,8783,8588,9619,9726,9676,4
5310,5743,6490,8007,8783,8588,9619,9726,9676,8767,-1
5743,6490,8007,8783,8588,9619,9726,9676,8767,9858,-30
6490,8007,8783,8588,9619,9726,9676,8767,9858,9973,37
8007,8783,8588,9619,9726,9676,8767,9858,9973,9699,4
8783,8588,9619,9726,9676,8767,9858,9973,9699,10830,-9
8588,9619,9726,9676,8767,9858,9973,9699,10830,10310,38
9619,9726,9676,8767,9858,9973,9699,10830,10310,11213,-17
9726,9676,8767,9858,9973,9699,10830,10310,11213,11308,31
9676,8767,9858,9973,9699,10830,10310,11213,11308,10889,4
8767,9858,9973,9699,10830,10310,11213,11308,10889,10314,-13
9858,9973,9699,10830,10310,11213,11308,10889,10314,11084,-19
9973,9699,10830,10310,11213,11308,10889,10314,11084,10354,26
9699,10830,10310,11213,11308,10889,10314,11084,10354,10816,-24
10830,10310,11213,11308,10889,10314,11084,10354,10816,10500,16
10310,11213,11308,10889,10314,11084,10354,10816,10500,10594,-10
11213,11308,10889,10314,11084,10354,10816,10500,10594,11583,4
11308,10889,10314,11084,10354,10816,10500,10594,11583,10294,33
10889,10314,11084,10354,10816,10500,10594,11583,10294,12019,-42
10314,11084,10354,10816,10500,10594,11583,10294,12019,14168,50
11084,10354,10816,10500,10594,11583,10294,12019,14168,12445,50
10354,10816,10500,10594,11583,10294,12019,14168,12445,11616,-50
10816,10500,10594,11583,10294,12019,14168,12445,11616,11611,-27
10500,10594,11583,10294,12019,14168,12445,11616,11611,14856,0
10594,11583,10294,12019,14168,12445,11616,11611,14856,11714,50
11583,10294,12019,14168,12445,11616,11611,14856,11714,14946,-50
10294,12019,14168,12445,11616,11611,14856,11714,14946,14143,50
12019,14168,12445,11616,11611,14856,11714,14946,14143,15283,-26
14168,12445,11616,11611,14856,11714,14946,14143,15283,16026,38
12445,11616,11611,14856,11714,14946,14143,15283,16026,16116,25
11616,11611,14856,11714,14946,14143,15283,16026,16116,15095,3
11611,14856,11714,14946,14143,15283,16026,16116,15095,15048,-34
14856,11714,14946,14143,15283,16026,16116,15095,15048,18103,-1
11714,14946,14143,15283,16026,16116,15095,15048,18103,16772,50
14946,14143,15283,16026,16116,15095,15048,18103,16772,16445,-44
14143,15283,16026,16116,15095,15048,18103,16772,16445,16114,-10
15283,16026,16116,15095,15048,18103,16772,16445,16114,15617,-11
16026,16116,15095,15048,18103,16772,16445,16114,15617,17780,-16
16116,15095,15048,18103,16772,16445,16114,15617,17780,16458,50
15095,15048,18103,16772,16445,16114,15617,17780,16458,15152,-44
15048,18103,16772,16445,16114,15617,17780,16458,15152,14437,-43
18103,16772,16445,16114,15617,17780,16458,15152,14437,18821,-23
16772,16445,16114,15617,17780,16458,15152,14437,18821,18887,50
16445,16114,15617,17780,16458,15152,14437,18821,18887,15051,3
16114,15617,17780,16458,15152,14437,18821,18887,15051,17705,-50
15617,17780,16458,15152,14437,18821,18887,15051,17705,17830,50
17780,16458,15152,14437,18821,18887,15051,17705,17830,15333,5
16458,15152,14437,18821,18887,15051,17705,17830,15333,17085,-50
15152,14437,18821,18887,15051,17705,17830,15333,17085,15922,50
14437,18821,18887,15051,17705,17830,15333,17085,15922,17123,-38
18821,18887,15051,17705,17830,15333,17085,15922,17123,17307,41
18887,15051,17705,17830,15333,17085,15922,17123,17307,16825,7
15051,17705,17830,15333,17085,15922,17123,17307,16825,16412,-16
17705,17830,15333,17085,15922,17123,17307,16825,16412,15689,-13
17830,15333,17085,15922,17123,17307,16825,16412,15689,15064,-24
15333,17085,15922,17123,17307,16825,16412,15689,15064,15111,-20
17085,15922,17123,17307,16825,16412,15689,15064,15111,14951,2
15922,17123,17307,16825,16412,15689,15064,15111,14951,13600,-5
17123,17307,16825,16412,15689,15064,15111,14951,13600,15357,-45
17307,16825,16412,15689,15064,15111,14951,13600,15357,15657,50
16825,16412,15689,15064,15111,14951,13600,15357,15657,15849,10
16412,15689,15064,15111,14951,13600,15357,15657,15849,16825,7
15689,15064,15111,14951,13600,15357,15657,15849,16825,16616,33
15064,15111,14951,13600,15357,15657,15849,16825,16616,16643,-6
15111,14951,13600,15357,15657,15849,16825,16616,16643,15271,1
14951,13600,15357,15657,15849,16825,16616,16643,15271,13889,-45
13600,15357,15657,15849,16825,16616,16643,15271,13889,15737,-46
15357,15657,15849,16825,16616,16643,15271,13889,15737,14562,50
15657,15849,16825,16616,16643,15271,13889,15737,14562,12920,-39
15849,16825,16616,16643,15271,13889,15737,14562,12920,14106,-50
16825,16616,16643,15271,13889,15737,14562,12920,14106,14641,40
16616,16643,15271,13889,15737,14562,12920,14106,14641,13959,18
16643,15271,13889,15737,14562,12920,14106,14641,13959,13756,-22
15271,13889,15737,14562,12920,14106,14641,13959,13756,13862,-6
13889,15737,14562,12920,14106,14641,13959,13756,13862,10912,4
15737,14562,12920,14106,14641,13959,13756,13862,10912,7797,-50
14562,12920,14106,14641,13959,13756,13862,10912,7797,1175,-50
12920,14106,14641,13959,13756,13862,10912,7797,1175,1309,-50
14106,14641,13959,13756,13862,10912,7797,1175,1309,6622,5
14641,13959,13756,13862,10912,7797,1175,1309,6622,10163,50
13959,13756,13862,10912,7797,1175,1309,6622,10163,12321,50
