8400,10165,9482,8041,7939,7608,8304,8485,7278,7427,-4
10165,9482,8041,7939,7608,8304,8485,7278,7427,7556,1
9482,8041,7939,7608,8304,8485,7278,7427,7556,7763,1
8041,7939,7608,8304,8485,7278,7427,7556,7763,6995,1
7939,7608,8304,8485,7278,7427,7556,7763,6995,6593,-2
7608,8304,8485,7278,7427,7556,7763,6995,6593,6766,-1
8304,8485,7278,7427,7556,7763,6995,6593,6766,6486,1
8485,7278,7427,7556,7763,6995,6593,6766,6486,6120,0
7278,7427,7556,7763,6995,6593,6766,6486,6120,6536,-1
7427,7556,7763,6995,6593,6766,6486,6120,6536,5462,2
7556,7763,6995,6593,6766,6486,6120,6536,5462,5906,-3
7763,6995,6593,6766,6486,6120,6536,5462,5906,7147,2
6995,6593,6766,6486,6120,6536,5462,5906,7147,6074,5
6593,6766,6486,6120,6536,5462,5906,7147,6074,6038,-3
6766,6486,6120,6536,5462,5906,7147,6074,6038,5596,0
6486,6120,6536,5462,5906,7147,6074,6038,5596,4529,-1
6120,6536,5462,5906,7147,6074,6038,5596,4529,5149,-3
6536,5462,5906,7147,6074,6038,5596,4529,5149,6640,3
5462,5906,7147,6074,6038,5596,4529,5149,6640,7593,5
5906,7147,6074,6038,5596,4529,5149,6640,7593,6264,4
7147,6074,6038,5596,4529,5149,6640,7593,6264,6091,-4
6074,6038,5596,4529,5149,6640,7593,6264,6091,6504,0
6038,5596,4529,5149,6640,7593,6264,6091,6504,6909,2
5596,4529,5149,6640,7593,6264,6091,6504,6909,7803,2
4529,5149,6640,7593,6264,6091,6504,6909,7803,6562,3
5149,6640,7593,6264,6091,6504,6909,7803,6562,5600,-4
6640,7593,6264,6091,6504,6909,7803,6562,5600,6091,-3
7593,6264,6091,6504,6909,7803,6562,5600,6091,5959,2
6264,6091,6504,6909,7803,6562,5600,6091,5959,6379,0
6091,6504,6909,7803,6562,5600,6091,5959,6379,5898,2
6504,6909,7803,6562,5600,6091,5959,6379,5898,6676,-1
6909,7803,6562,5600,6091,5959,6379,5898,6676,6058,3
7803,6562,5600,6091,5959,6379,5898,6676,6058,5301,-2
6562,5600,6091,5959,6379,5898,6676,6058,5301,4311,-2
5600,6091,5959,6379,5898,6676,6058,5301,4311,4352,-3
6091,5959,6379,5898,6676,6058,5301,4311,4352,4004,1
5959,6379,5898,6676,6058,5301,4311,4352,4004,4823,-1
6379,5898,6676,6058,5301,4311,4352,4004,4823,5664,3
5898,6676,6058,5301,4311,4352,4004,4823,5664,5291,3
6676,6058,5301,4311,4352,4004,4823,5664,5291,5017,-1
6058,5301,4311,4352,4004,4823,5664,5291,5017,5778,0
5301,4311,4352,4004,4823,5664,5291,5017,5778,4107,3
4311,4352,4004,4823,5664,5291,5017,5778,4107,3872,-5
4352,4004,4823,5664,5291,5017,5778,4107,3872,5120,0
4004,4823,5664,5291,5017,5778,4107,3872,5120,5862,5
4823,5664,5291,5017,5778,4107,3872,5120,5862,4861,3
5664,5291,5017,5778,4107,3872,5120,5862,4861,5173,-3
5291,5017,5778,4107,3872,5120,5862,4861,5173,5614,2
5017,5778,4107,3872,5120,5862,4861,5173,5614,4019,2
5778,4107,3872,5120,5862,4861,5173,5614,4019,6558,-5
4107,3872,5120,5862,4861,5173,5614,4019,6558,4443,5
3872,5120,5862,4861,5173,5614,4019,6558,4443,3980,-5
5120,5862,4861,5173,5614,4019,6558,4443,3980,4884,-1
5862,4861,5173,5614,4019,6558,4443,3980,4884,7562,4
4861,5173,5614,4019,6558,4443,3980,4884,7562,6978,5
5173,5614,4019,6558,4443,3980,4884,7562,6978,7453,-1
5614,4019,6558,4443,3980,4884,7562,6978,7453,7683,2
4019,6558,4443,3980,4884,7562,6978,7453,7683,8347,1
6558,4443,3980,4884,7562,6978,7453,7683,8347,7850,3
4443,3980,4884,7562,6978,7453,7683,8347,7850,7069,-1
3980,4884,7562,6978,7453,7683,8347,7850,7069,7506,-2
4884,7562,6978,7453,7683,8347,7850,7069,7506,7800,2
7562,6978,7453,7683,8347,7850,7069,7506,7800,8417,1
6978,7453,7683,8347,7850,7069,7506,7800,8417,8109,3
7453,7683,8347,7850,7069,7506,7800,8417,8109,7417,-1
7683,8347,7850,7069,7506,7800,8417,8109,7417,8318,-2
8347,7850,7069,7506,7800,8417,8109,7417,8318,6942,4
7850,7069,7506,7800,8417,8109,7417,8318,6942,7089,-4
7069,7506,7800,8417,8109,7417,8318,6942,7089,6422,1
7506,7800,8417,8109,7417,8318,6942,7089,6422,7878,-2
7800,8417,8109,7417,8318,6942,7089,6422,7878,8026,5
8417,8109,7417,8318,6942,7089,6422,7878,8026,7408,1
8109,7417,8318,6942,7089,6422,7878,8026,7408,7456,-2
7417,8318,6942,7089,6422,7878,8026,7408,7456,8552,1
8318,6942,7089,6422,7878,8026,7408,7456,8552,8144,4
6942,7089,6422,7878,8026,7408,7456,8552,8144,9695,-1
7089,6422,7878,8026,7408,7456,8552,8144,9695,10640,5
6422,7878,8026,7408,7456,8552,8144,9695,10640,9098,4
7878,8026,7408,7456,8552,8144,9695,10640,9098,11069,-5
8026,7408,7456,8552,8144,9695,10640,9098,11069,9978,5
7408,7456,8552,8144,9695,10640,9098,11069,9978,9931,-3
7456,8552,8144,9695,10640,9098,11069,9978,9931,10372,0
8552,8144,9695,10640,9098,11069,9978,9931,10372,10868,2
8144,9695,10640,9098,11069,9978,9931,10372,10868,9536,2
9695,10640,9098,11069,9978,9931,10372,10868,9536,9620,-4
10640,9098,11069,9978,9931,10372,10868,9536,9620,11131,1
9098,11069,9978,9931,10372,10868,9536,9620,11131,9552,5
11069,9978,9931,10372,10868,9536,9620,11131,9552,10940,-5
9978,9931,10372,10868,9536,9620,11131,9552,10940,11762,5
9931,10372,10868,9536,9620,11131,9552,10940,11762,12179,3
10372,10868,9536,9620,11131,9552,10940,11762,12179,12230,2
10868,9536,9620,11131,9552,10940,11762,12179,12230,12985,1
9536,9620,11131,9552,10940,11762,12179,12230,12985,12430,3
9620,11131,9552,10940,11762,12179,12230,12985,12430,12085,-1
11131,9552,10940,11762,12179,12230,12985,12430,12085,12448,-1
9552,10940,11762,12179,12230,12985,12430,12085,12448,12511,2
10940,11762,12179,12230,12985,12430,12085,12448,12511,11931,1
11762,12179,12230,12985,12430,12085,12448,12511,11931,12177,-1
12179,12230,12985,12430,12085,12448,12511,11931,12177,11656,1
12230,12985,12430,12085,12448,12511,11931,12177,11656,12030,-1
12985,12430,12085,12448,12511,11931,12177,11656,12030,13813,2
12430,12085,12448,12511,11931,12177,11656,12030,13813,12314,5
12085,12448,12511,11931,12177,11656,12030,13813,12314,14144,-4
12448,12511,11931,12177,11656,12030,13813,12314,14144,13988,5
12511,11931,12177,11656,12030,13813,12314,14144,13988,13150,0
11931,12177,11656,12030,13813,12314,14144,13988,13150,11548,-2
12177,11656,12030,13813,12314,14144,13988,13150,11548,10644,-5
11656,12030,13813,12314,14144,13988,13150,11548,10644,11675,-3
12030,13813,12314,14144,13988,13150,11548,10644,11675,13425,4
13813,12314,14144,13988,13150,11548,10644,11675,13425,11417,5
12314,14144,13988,13150,11548,10644,11675,13425,11417,10033,-5
14144,13988,13150,11548,10644,11675,13425,11417,10033,10587,-4
13988,13150,11548,10644,11675,13425,11417,10033,10587,13250,2
13150,11548,10644,11675,13425,11417,10033,10587,13250,12739,5
11548,10644,11675,13425,11417,10033,10587,13250,12739,12140,-1
10644,11675,13425,11417,10033,10587,13250,12739,12140,9729,-1
11675,13425,11417,10033,10587,13250,12739,12140,9729,10396,-5
13425,11417,10033,10587,13250,12739,12140,9729,10396,10459,3
11417,10033,10587,13250,12739,12140,9729,10396,10459,9491,1
10033,10587,13250,12739,12140,9729,10396,10459,9491,10411,-3
10587,13250,12739,12140,9729,10396,10459,9491,10411,11816,4
13250,12739,12140,9729,10396,10459,9491,10411,11816,10164,5
12739,12140,9729,10396,10459,9491,10411,11816,10164,10174,-5
12140,9729,10396,10459,9491,10411,11816,10164,10174,9597,1
9729,10396,10459,9491,10411,11816,10164,10174,9597,9182,-1
10396,10459,9491,10411,11816,10164,10174,9597,9182,7983,-1
10459,9491,10411,11816,10164,10174,9597,9182,7983,8116,-3
9491,10411,11816,10164,10174,9597,9182,7983,8116,9560,1
10411,11816,10164,10174,9597,9182,7983,8116,9560,11214,5
11816,10164,10174,9597,9182,7983,8116,9560,11214,8935,5
10164,10174,9597,9182,7983,8116,9560,11214,8935,7365,-5
10174,9597,9182,7983,8116,9560,11214,8935,7365,6977,-5
9597,9182,7983,8116,9560,11214,8935,7365,6977,5733,-1
9182,7983,8116,9560,11214,8935,7365,6977,5733,5314,-4
7983,8116,9560,11214,8935,7365,6977,5733,5314,4684,-1
8116,9560,11214,8935,7365,6977,5733,5314,4684,4552,-2
9560,11214,8935,7365,6977,5733,5314,4684,4552,4226,0
11214,8935,7365,6977,5733,5314,4684,4552,4226,7072,-1
8935,7365,6977,5733,5314,4684,4552,4226,7072,5289,5
7365,6977,5733,5314,4684,4552,4226,7072,5289,5954,-5
6977,5733,5314,4684,4552,4226,7072,5289,5954,4887,3
5733,5314,4684,4552,4226,7072,5289,5954,4887,5169,-3
5314,4684,4552,4226,7072,5289,5954,4887,5169,5745,1
4684,4552,4226,7072,5289,5954,4887,5169,5745,5908,2
4552,4226,7072,5289,5954,4887,5169,5745,5908,4420,1
4226,7072,5289,5954,4887,5169,5745,5908,4420,4768,-4
7072,5289,5954,4887,5169,5745,5908,4420,4768,5127,2
5289,5954,4887,5169,5745,5908,4420,4768,5127,4355,2
5954,4887,5169,5745,5908,4420,4768,5127,4355,4750,-2
4887,5169,5745,5908,4420,4768,5127,4355,4750,4639,2
5169,5745,5908,4420,4768,5127,4355,4750,4639,4738,0
5745,5908,4420,4768,5127,4355,4750,4639,4738,4424,1
5908,4420,4768,5127,4355,4750,4639,4738,4424,4454,-1
4420,4768,5127,4355,4750,4639,4738,4424,4454,4838,1
4768,5127,4355,4750,4639,4738,4424,4454,4838,4835,2
5127,4355,4750,4639,4738,4424,4454,4838,4835,5142,0
4355,4750,4639,4738,4424,4454,4838,4835,5142,4890,2
4750,4639,4738,4424,4454,4838,4835,5142,4890,4638,0
4639,4738,4424,4454,4838,4835,5142,4890,4638,4715,0
4738,4424,4454,4838,4835,5142,4890,4638,4715,4688,1
4424,4454,4838,4835,5142,4890,4638,4715,4688,4510,0
4454,4838,4835,5142,4890,4638,4715,4688,4510,4225,0
4838,4835,5142,4890,4638,4715,4688,4510,4225,4734,0
4835,5142,4890,4638,4715,4688,4510,4225,4734,5138,2
5142,4890,4638,4715,4688,4510,4225,4734,5138,5148,2
4890,4638,4715,4688,4510,4225,4734,5138,5148,4137,1
4638,4715,4688,4510,4225,4734,5138,5148,4137,4661,-3
4715,4688,4510,4225,4734,5138,5148,4137,4661,4434,2
4688,4510,4225,4734,5138,5148,4137,4661,4434,4602,0
4510,4225,4734,5138,5148,4137,4661,4434,4602,4317,1
4225,4734,5138,5148,4137,4661,4434,4602,4317,4154,0
4734,5138,5148,4137,4661,4434,4602,4317,4154,4347,0
5138,5148,4137,4661,4434,4602,4317,4154,4347,4991,1
5148,4137,4661,4434,4602,4317,4154,4347,4991,4772,3
4137,4661,4434,4602,4317,4154,4347,4991,4772,4005,0
4661,4434,4602,4317,4154,4347,4991,4772,4005,4394,-2
4434,4602,4317,4154,4347,4991,4772,4005,4394,3012,2
4602,4317,4154,4347,4991,4772,4005,4394,3012,3894,-4
4317,4154,4347,4991,4772,4005,4394,3012,3894,3190,3
4154,4347,4991,4772,4005,4394,3012,3894,3190,3183,-2
4347,4991,4772,4005,4394,3012,3894,3190,3183,3457,0
4991,4772,4005,4394,3012,3894,3190,3183,3457,3856,1
4772,4005,4394,3012,3894,3190,3183,3457,3856,4071,2
4005,4394,3012,3894,3190,3183,3457,3856,4071,4175,1
4394,3012,3894,3190,3183,3457,3856,4071,4175,3934,1
3012,3894,3190,3183,3457,3856,4071,4175,3934,2331,0
3894,3190,3183,3457,3856,4071,4175,3934,2331,3976,-5
3190,3183,3457,3856,4071,4175,3934,2331,3976,3690,5
3183,3457,3856,4071,4175,3934,2331,3976,3690,3332,0
3457,3856,4071,4175,3934,2331,3976,3690,3332,4155,-1
3856,4071,4175,3934,2331,3976,3690,3332,4155,4328,3
4071,4175,3934,2331,3976,3690,3332,4155,4328,3639,1
4175,3934,2331,3976,3690,3332,4155,4328,3639,3152,-2
3934,2331,3976,3690,3332,4155,4328,3639,3152,2551,-1
2331,3976,3690,3332,4155,4328,3639,3152,2551,3888,-2
3976,3690,3332,4155,4328,3639,3152,2551,3888,4361,5
3690,3332,4155,4328,3639,3152,2551,3888,4361,3994,2
3332,4155,4328,3639,3152,2551,3888,4361,3994,4357,-1
4155,4328,3639,3152,2551,3888,4361,3994,4357,3627,2
4328,3639,3152,2551,3888,4361,3994,4357,3627,3457,-2
3639,3152,2551,3888,4361,3994,4357,3627,3457,5056,0
3152,2551,3888,4361,3994,4357,3627,3457,5056,4950,5
2551,3888,4361,3994,4357,3627,3457,5056,4950,4757,0
3888,4361,3994,4357,3627,3457,5056,4950,4757,5099,0
4361,3994,4357,3627,3457,5056,4950,4757,5099,4126,2
3994,4357,3627,3457,5056,4950,4757,5099,4126,3677,-3
4357,3627,3457,5056,4950,4757,5099,4126,3677,4649,-1
3627,3457,5056,4950,4757,5099,4126,3677,4649,4739,4
3457,5056,4950,4757,5099,4126,3677,4649,4739,4067,1
5056,4950,4757,5099,4126,3677,4649,4739,4067,4011,-2
4950,4757,5099,4126,3677,4649,4739,4067,4011,3730,0
4757,5099,4126,3677,4649,4739,4067,4011,3730,4862,0
5099,4126,3677,4649,4739,4067,4011,3730,4862,5011,4
4126,3677,4649,4739,4067,4011,3730,4862,5011,4458,1
3677,4649,4739,4067,4011,3730,4862,5011,4458,4750,-1
4649,4739,4067,4011,3730,4862,5011,4458,4750,4144,1
4739,4067,4011,3730,4862,5011,4458,4750,4144,4309,-2
4067,4011,3730,4862,5011,4458,4750,4144,4309,4779,1
4011,3730,4862,5011,4458,4750,4144,4309,4779,4579,2
3730,4862,5011,4458,4750,4144,4309,4779,4579,4722,0
4862,5011,4458,4750,4144,4309,4779,4579,4722,5410,1
5011,4458,4750,4144,4309,4779,4579,4722,5410,4939,3
4458,4750,4144,4309,4779,4579,4722,5410,4939,4583,-1
4750,4144,4309,4779,4579,4722,5410,4939,4583,4562,-1
4144,4309,4779,4579,4722,5410,4939,4583,4562,4598,0
4309,4779,4579,4722,5410,4939,4583,4562,4598,4926,1
4779,4579,4722,5410,4939,4583,4562,4598,4926,6304,2
4579,4722,5410,4939,4583,4562,4598,4926,6304,6596,5
4722,5410,4939,4583,4562,4598,4926,6304,6596,5523,1
5410,4939,4583,4562,4598,4926,6304,6596,5523,6810,-3
4939,4583,4562,4598,4926,6304,6596,5523,6810,6145,5
4583,4562,4598,4926,6304,6596,5523,6810,6145,5244,-2
4562,4598,4926,6304,6596,5523,6810,6145,5244,5989,-3
4598,4926,6304,6596,5523,6810,6145,5244,5989,8045,3
4926,6304,6596,5523,6810,6145,5244,5989,8045,7451,5
6304,6596,5523,6810,6145,5244,5989,8045,7451,7681,-1
6596,5523,6810,6145,5244,5989,8045,7451,7681,6864,1
5523,6810,6145,5244,5989,8045,7451,7681,6864,5281,-2
6810,6145,5244,5989,8045,7451,7681,6864,5281,4992,-5
6145,5244,5989,8045,7451,7681,6864,5281,4992,6941,0
5244,5989,8045,7451,7681,6864,5281,4992,6941,5743,5
5989,8045,7451,7681,6864,5281,4992,6941,5743,6307,-3
8045,7451,7681,6864,5281,4992,6941,5743,6307,7264,2
7451,7681,6864,5281,4992,6941,5743,6307,7264,6462,4
7681,6864,5281,4992,6941,5743,6307,7264,6462,7096,-2
6864,5281,4992,6941,5743,6307,7264,6462,7096,9446,3
5281,4992,6941,5743,6307,7264,6462,7096,9446,6449,5
4992,6941,5743,6307,7264,6462,7096,9446,6449,6905,-5
6941,5743,6307,7264,6462,7096,9446,6449,6905,6953,2
5743,6307,7264,6462,7096,9446,6449,6905,6953,7043,1
6307,7264,6462,7096,9446,6449,6905,6953,7043,8029,1
7264,6462,7096,9446,6449,6905,6953,7043,8029,6111,4
6462,7096,9446,6449,6905,6953,7043,8029,6111,7953,-5
7096,9446,6449,6905,6953,7043,8029,6111,7953,6172,5
9446,6449,6905,6953,7043,8029,6111,7953,6172,6032,-5
6449,6905,6953,7043,8029,6111,7953,6172,6032,7016,0
6905,6953,7043,8029,6111,7953,6172,6032,7016,8243,4
6953,7043,8029,6111,7953,6172,6032,7016,8243,6867,5
7043,8029,6111,7953,6172,6032,7016,8243,6867,8766,-4
8029,6111,7953,6172,6032,7016,8243,6867,8766,7851,5
6111,7953,6172,6032,7016,8243,6867,8766,7851,7976,-3
7953,6172,6032,7016,8243,6867,8766,7851,7976,8058,1
6172,6032,7016,8243,6867,8766,7851,7976,8058,7472,1
6032,7016,8243,6867,8766,7851,7976,8058,7472,6312,-1
7016,8243,6867,8766,7851,7976,8058,7472,6312,7138,-3
8243,6867,8766,7851,7976,8058,7472,6312,7138,6941,3
6867,8766,7851,7976,8058,7472,6312,7138,6941,7395,0
8766,7851,7976,8058,7472,6312,7138,6941,7395,7077,2
7851,7976,8058,7472,6312,7138,6941,7395,7077,5890,-1
7976,8058,7472,6312,7138,6941,7395,7077,5890,4996,-3
8058,7472,6312,7138,6941,7395,7077,5890,4996,6480,-2
7472,6312,7138,6941,7395,7077,5890,4996,6480,5970,5
6312,7138,6941,7395,7077,5890,4996,6480,5970,6851,-1
7138,6941,7395,7077,5890,4996,6480,5970,6851,5562,3
6941,7395,7077,5890,4996,6480,5970,6851,5562,5521,-4
7395,7077,5890,4996,6480,5970,6851,5562,5521,5026,0
7077,5890,4996,6480,5970,6851,5562,5521,5026,5128,-1
5890,4996,6480,5970,6851,5562,5521,5026,5128,4960,1
4996,6480,5970,6851,5562,5521,5026,5128,4960,4483,0
6480,5970,6851,5562,5521,5026,5128,4960,4483,6302,-1
5970,6851,5562,5521,5026,5128,4960,4483,6302,4928,5
6851,5562,5521,5026,5128,4960,4483,6302,4928,4550,-4
5562,5521,5026,5128,4960,4483,6302,4928,4550,4626,-1
5521,5026,5128,4960,4483,6302,4928,4550,4626,4541,1
5026,5128,4960,4483,6302,4928,4550,4626,4541,5020,0
5128,4960,4483,6302,4928,4550,4626,4541,5020,4594,2
4960,4483,6302,4928,4550,4626,4541,5020,4594,5337,-1
4483,6302,4928,4550,4626,4541,5020,4594,5337,4735,3
6302,4928,4550,4626,4541,5020,4594,5337,4735,4830,-2
4928,4550,4626,4541,5020,4594,5337,4735,4830,4044,1
4550,4626,4541,5020,4594,5337,4735,4830,4044,4512,-2
4626,4541,5020,4594,5337,4735,4830,4044,4512,3988,2
4541,5020,4594,5337,4735,4830,4044,4512,3988,4883,-1
5020,4594,5337,4735,4830,4044,4512,3988,4883,4568,3
4594,5337,4735,4830,4044,4512,3988,4883,4568,4395,-1
5337,4735,4830,4044,4512,3988,4883,4568,4395,4569,0
4735,4830,4044,4512,3988,4883,4568,4395,4569,4343,1
4830,4044,4512,3988,4883,4568,4395,4569,4343,4928,0
4044,4512,3988,4883,4568,4395,4569,4343,4928,4026,2
4512,3988,4883,4568,4395,4569,4343,4928,4026,4892,-3
3988,4883,4568,4395,4569,4343,4928,4026,4892,4970,3
4883,4568,4395,4569,4343,4928,4026,4892,4970,5089,1
4568,4395,4569,4343,4928,4026,4892,4970,5089,4447,1
4395,4569,4343,4928,4026,4892,4970,5089,4447,4608,-2
4569,4343,4928,4026,4892,4970,5089,4447,4608,3634,1
4343,4928,4026,4892,4970,5089,4447,4608,3634,4369,-3
4928,4026,4892,4970,5089,4447,4608,3634,4369,4865,3
4026,4892,4970,5089,4447,4608,3634,4369,4865,4196,2
4892,4970,5089,4447,4608,3634,4369,4865,4196,5044,-2
4970,5089,4447,4608,3634,4369,4865,4196,5044,5015,3
5089,4447,4608,3634,4369,4865,4196,5044,5015,4317,0
4447,4608,3634,4369,4865,4196,5044,5015,4317,4908,-2
4608,3634,4369,4865,4196,5044,5015,4317,4908,4912,2
3634,4369,4865,4196,5044,5015,4317,4908,4912,4461,1
4369,4865,4196,5044,5015,4317,4908,4912,4461,4279,-1
4865,4196,5044,5015,4317,4908,4912,4461,4279,4231,0
4196,5044,5015,4317,4908,4912,4461,4279,4231,4181,0
5044,5015,4317,4908,4912,4461,4279,4231,4181,4819,0
5015,4317,4908,4912,4461,4279,4231,4181,4819,4505,3
4317,4908,4912,4461,4279,4231,4181,4819,4505,4540,-1
4908,4912,4461,4279,4231,4181,4819,4505,4540,5130,1
4912,4461,4279,4231,4181,4819,4505,4540,5130,4439,2
4461,4279,4231,4181,4819,4505,4540,5130,4439,4050,-2
4279,4231,4181,4819,4505,4540,5130,4439,4050,4502,-1
4231,4181,4819,4505,4540,5130,4439,4050,4502,2421,2
4181,4819,4505,4540,5130,4439,4050,4502,2421,3850,-5
4819,4505,4540,5130,4439,4050,4502,2421,3850,4342,5
4505,4540,5130,4439,4050,4502,2421,3850,4342,4428,2
4540,5130,4439,4050,4502,2421,3850,4342,4428,3701,1
5130,4439,4050,4502,2421,3850,4342,4428,3701,3675,-2
4439,4050,4502,2421,3850,4342,4428,3701,3675,3723,0
4050,4502,2421,3850,4342,4428,3701,3675,3723,3456,1
4502,2421,3850,4342,4428,3701,3675,3723,3456,4408,0
2421,3850,4342,4428,3701,3675,3723,3456,4408,2260,4
3850,4342,4428,3701,3675,3723,3456,4408,2260,3690,-5
4342,4428,3701,3675,3723,3456,4408,2260,3690,2292,5
4428,3701,3675,3723,3456,4408,2260,3690,2292,4320,-4
3701,3675,3723,3456,4408,2260,3690,2292,4320,3990,5
3675,3723,3456,4408,2260,3690,2292,4320,3990,4404,-1
3723,3456,4408,2260,3690,2292,4320,3990,4404,4328,2
3456,4408,2260,3690,2292,4320,3990,4404,4328,3965,0
4408,2260,3690,2292,4320,3990,4404,4328,3965,4056,-1
2260,3690,2292,4320,3990,4404,4328,3965,4056,3573,1
3690,2292,4320,3990,4404,4328,3965,4056,3573,2379,-1
2292,4320,3990,4404,4328,3965,4056,3573,2379,4766,-3
4320,3990,4404,4328,3965,4056,3573,2379,4766,4156,5
3990,4404,4328,3965,4056,3573,2379,4766,4156,4632,-2
4404,4328,3965,4056,3573,2379,4766,4156,4632,4736,2
4328,3965,4056,3573,2379,4766,4156,4632,4736,5222,1
3965,4056,3573,2379,4766,4156,4632,4736,5222,4736,2
4056,3573,2379,4766,4156,4632,4736,5222,4736,4336,-1
3573,2379,4766,4156,4632,4736,5222,4736,4336,4848,-1
2379,4766,4156,4632,4736,5222,4736,4336,4848,4685,2
4766,4156,4632,4736,5222,4736,4336,4848,4685,4977,0
4156,4632,4736,5222,4736,4336,4848,4685,4977,4792,1
4632,4736,5222,4736,4336,4848,4685,4977,4792,5015,0
4736,5222,4736,4336,4848,4685,4977,4792,5015,5494,1
5222,4736,4336,4848,4685,4977,4792,5015,5494,5071,2
4736,4336,4848,4685,4977,4792,5015,5494,5071,4697,-1
4336,4848,4685,4977,4792,5015,5494,5071,4697,4456,-1
4848,4685,4977,4792,5015,5494,5071,4697,4456,4905,0
4685,4977,4792,5015,5494,5071,4697,4456,4905,5409,2
4977,4792,5015,5494,5071,4697,4456,4905,5409,4663,2
4792,5015,5494,5071,4697,4456,4905,5409,4663,5403,-2
5015,5494,5071,4697,4456,4905,5409,4663,5403,5081,3
5494,5071,4697,4456,4905,5409,4663,5403,5081,3924,-1
5071,4697,4456,4905,5409,4663,5403,5081,3924,4763,-3
4697,4456,4905,5409,4663,5403,5081,3924,4763,5692,3
4456,4905,5409,4663,5403,5081,3924,4763,5692,5310,4
4905,5409,4663,5403,5081,3924,4763,5692,5310,5163,-1
5409,4663,5403,5081,3924,4763,5692,5310,5163,4955,0
4663,5403,5081,3924,4763,5692,5310,5163,4955,5121,0
5403,5081,3924,4763,5692,5310,5163,4955,5121,6043,1
5081,3924,4763,5692,5310,5163,4955,5121,6043,6078,4
3924,4763,5692,5310,5163,4955,5121,6043,6078,6154,1
4763,5692,5310,5163,4955,5121,6043,6078,6154,6741,1
5692,5310,5163,4955,5121,6043,6078,6154,6741,6219,2
5310,5163,4955,5121,6043,6078,6154,6741,6219,6092,-1
5163,4955,5121,6043,6078,6154,6741,6219,6092,6336,0
4955,5121,6043,6078,6154,6741,6219,6092,6336,6147,1
5121,6043,6078,6154,6741,6219,6092,6336,6147,6366,0
6043,6078,6154,6741,6219,6092,6336,6147,6366,5188,1
6078,6154,6741,6219,6092,6336,6147,6366,5188,7640,-3
6154,6741,6219,6092,6336,6147,6366,5188,7640,7136,5
6741,6219,6092,6336,6147,6366,5188,7640,7136,6212,-1
6219,6092,6336,6147,6366,5188,7640,7136,6212,9119,-3
6092,6336,6147,6366,5188,7640,7136,6212,9119,8372,5
6336,6147,6366,5188,7640,7136,6212,9119,8372,7412,-2
6147,6366,5188,7640,7136,6212,9119,8372,7412,8732,-3
6366,5188,7640,7136,6212,9119,8372,7412,8732,8496,5
5188,7640,7136,6212,9119,8372,7412,8732,8496,8248,0
7640,7136,6212,9119,8372,7412,8732,8496,8248,8342,0
7136,6212,9119,8372,7412,8732,8496,8248,8342,7951,1
6212,9119,8372,7412,8732,8496,8248,8342,7951,7812,-1
9119,8372,7412,8732,8496,8248,8342,7951,7812,5742,0
8372,7412,8732,8496,8248,8342,7951,7812,5742,6619,-5
7412,8732,8496,8248,8342,7951,7812,5742,6619,6494,3
8732,8496,8248,8342,7951,7812,5742,6619,6494,6394,0
8496,8248,8342,7951,7812,5742,6619,6494,6394,6720,0
8248,8342,7951,7812,5742,6619,6494,6394,6720,9058,2
8342,7951,7812,5742,6619,6494,6394,6720,9058,7623,5
7951,7812,5742,6619,6494,6394,6720,9058,7623,6700,-4
7812,5742,6619,6494,6394,6720,9058,7623,6700,6063,-3
5742,6619,6494,6394,6720,9058,7623,6700,6063,6523,-2
6619,6494,6394,6720,9058,7623,6700,6063,6523,6741,2
6494,6394,6720,9058,7623,6700,6063,6523,6741,6366,1
6394,6720,9058,7623,6700,6063,6523,6741,6366,5670,-1
6720,9058,7623,6700,6063,6523,6741,6366,5670,8623,-2
9058,7623,6700,6063,6523,6741,6366,5670,8623,7434,5
7623,6700,6063,6523,6741,6366,5670,8623,7434,6749,-3
6700,6063,6523,6741,6366,5670,8623,7434,6749,5818,-2
6063,6523,6741,6366,5670,8623,7434,6749,5818,6055,-3
6523,6741,6366,5670,8623,7434,6749,5818,6055,7125,1
6741,6366,5670,8623,7434,6749,5818,6055,7125,6544,4
6366,5670,8623,7434,6749,5818,6055,7125,6544,6084,-1
5670,8623,7434,6749,5818,6055,7125,6544,6084,5387,-1
8623,7434,6749,5818,6055,7125,6544,6084,5387,5599,-2
7434,6749,5818,6055,7125,6544,6084,5387,5599,5842,1
6749,5818,6055,7125,6544,6084,5387,5599,5842,5144,1
5818,6055,7125,6544,6084,5387,5599,5842,5144,5437,-2
6055,7125,6544,6084,5387,5599,5842,5144,5437,5303,1
7125,6544,6084,5387,5599,5842,5144,5437,5303,5051,0
6544,6084,5387,5599,5842,5144,5437,5303,5051,5587,0
6084,5387,5599,5842,5144,5437,5303,5051,5587,5196,2
5387,5599,5842,5144,5437,5303,5051,5587,5196,5045,-1
5599,5842,5144,5437,5303,5051,5587,5196,5045,4836,0
5842,5144,5437,5303,5051,5587,5196,5045,4836,5295,0
5144,5437,5303,5051,5587,5196,5045,4836,5295,5311,2
5437,5303,5051,5587,5196,5045,4836,5295,5311,4734,1
5303,5051,5587,5196,5045,4836,5295,5311,4734,5157,-1
5051,5587,5196,5045,4836,5295,5311,4734,5157,5183,2
5587,5196,5045,4836,5295,5311,4734,5157,5183,4945,1
5196,5045,4836,5295,5311,4734,5157,5183,4945,5448,0
5045,4836,5295,5311,4734,5157,5183,4945,5448,4455,2
4836,5295,5311,4734,5157,5183,4945,5448,4455,4926,-3
5295,5311,4734,5157,5183,4945,5448,4455,4926,5261,2
5311,4734,5157,5183,4945,5448,4455,4926,5261,4920,2
4734,5157,5183,4945,5448,4455,4926,5261,4920,5469,-1
5157,5183,4945,5448,4455,4926,5261,4920,5469,5166,2
5183,4945,5448,4455,4926,5261,4920,5469,5166,5095,-1
4945,5448,4455,4926,5261,4920,5469,5166,5095,5674,0
5448,4455,4926,5261,4920,5469,5166,5095,5674,4462,2
4455,4926,5261,4920,5469,5166,5095,5674,4462,5065,-4
4926,5261,4920,5469,5166,5095,5674,4462,5065,4840,3
5261,4920,5469,5166,5095,5674,4462,5065,4840,5180,0
4920,5469,5166,5095,5674,4462,5065,4840,5180,5267,2
5469,5166,5095,5674,4462,5065,4840,5180,5267,6015,1
5166,5095,5674,4462,5065,4840,5180,5267,6015,5010,3
5095,5674,4462,5065,4840,5180,5267,6015,5010,5871,-3
5674,4462,5065,4840,5180,5267,6015,5010,5871,4886,3
4462,5065,4840,5180,5267,6015,5010,5871,4886,5650,-3
5065,4840,5180,5267,6015,5010,5871,4886,5650,4989,3
4840,5180,5267,6015,5010,5871,4886,5650,4989,5160,-2
5180,5267,6015,5010,5871,4886,5650,4989,5160,5101,1
5267,6015,5010,5871,4886,5650,4989,5160,5101,5618,0
6015,5010,5871,4886,5650,4989,5160,5101,5618,6428,2
5010,5871,4886,5650,4989,5160,5101,5618,6428,5465,3
5871,4886,5650,4989,5160,5101,5618,6428,5465,5301,-3
4886,5650,4989,5160,5101,5618,6428,5465,5301,5324,0
5650,4989,5160,5101,5618,6428,5465,5301,5324,4700,1
4989,5160,5101,5618,6428,5465,5301,5324,4700,4307,-2
5160,5101,5618,6428,5465,5301,5324,4700,4307,4407,-1
5101,5618,6428,5465,5301,5324,4700,4307,4407,4146,1
5618,6428,5465,5301,5324,4700,4307,4407,4146,5202,0
6428,5465,5301,5324,4700,4307,4407,4146,5202,5129,4
5465,5301,5324,4700,4307,4407,4146,5202,5129,4602,0
5301,5324,4700,4307,4407,4146,5202,5129,4602,4953,-1
5324,4700,4307,4407,4146,5202,5129,4602,4953,5040,2
4700,4307,4407,4146,5202,5129,4602,4953,5040,4937,1
4307,4407,4146,5202,5129,4602,4953,5040,4937,5130,0
4407,4146,5202,5129,4602,4953,5040,4937,5130,4773,1
4146,5202,5129,4602,4953,5040,4937,5130,4773,5273,-1
5202,5129,4602,4953,5040,4937,5130,4773,5273,5470,2
5129,4602,4953,5040,4937,5130,4773,5273,5470,5553,1
4602,4953,5040,4937,5130,4773,5273,5470,5553,5868,1
4953,5040,4937,5130,4773,5273,5470,5553,5868,5322,2
5040,4937,5130,4773,5273,5470,5553,5868,5322,6901,-1
4937,5130,4773,5273,5470,5553,5868,5322,6901,6964,5
5130,4773,5273,5470,5553,5868,5322,6901,6964,6471,1
4773,5273,5470,5553,5868,5322,6901,6964,6471,6499,-1
5273,5470,5553,5868,5322,6901,6964,6471,6499,6223,1
5470,5553,5868,5322,6901,6964,6471,6499,6223,7116,0
5553,5868,5322,6901,6964,6471,6499,6223,7116,7223,3
5868,5322,6901,6964,6471,6499,6223,7116,7223,8579,1
5322,6901,6964,6471,6499,6223,7116,7223,8579,8644,5
6901,6964,6471,6499,6223,7116,7223,8579,8644,8771,1
6964,6471,6499,6223,7116,7223,8579,8644,8771,9097,1
6471,6499,6223,7116,7223,8579,8644,8771,9097,9834,2
6499,6223,7116,7223,8579,8644,8771,9097,9834,8910,3
6223,7116,7223,8579,8644,8771,9097,9834,8910,7287,-3
7116,7223,8579,8644,8771,9097,9834,8910,7287,7946,-5
7223,8579,8644,8771,9097,9834,8910,7287,7946,7408,3
8579,8644,8771,9097,9834,8910,7287,7946,7408,7493,-1
8644,8771,9097,9834,8910,7287,7946,7408,7493,8930,1
8771,9097,9834,8910,7287,7946,7408,7493,8930,7932,5
9097,9834,8910,7287,7946,7408,7493,8930,7932,8234,-3
9834,8910,7287,7946,7408,7493,8930,7932,8234,9655,2
8910,7287,7946,7408,7493,8930,7932,8234,9655,9561,5
7287,7946,7408,7493,8930,7932,8234,9655,9561,9118,0
7946,7408,7493,8930,7932,8234,9655,9561,9118,8168,-1
7408,7493,8930,7932,8234,9655,9561,9118,8168,7978,-3
7493,8930,7932,8234,9655,9561,9118,8168,7978,9735,0
8930,7932,8234,9655,9561,9118,8168,7978,9735,9881,5
7932,8234,9655,9561,9118,8168,7978,9735,9881,10145,1
8234,9655,9561,9118,8168,7978,9735,9881,10145,9667,1
9655,9561,9118,8168,7978,9735,9881,10145,9667,8681,-1
9561,9118,8168,7978,9735,9881,10145,9667,8681,9555,-3
9118,8168,7978,9735,9881,10145,9667,8681,9555,10646,3
8168,7978,9735,9881,10145,9667,8681,9555,10646,10501,4
7978,9735,9881,10145,9667,8681,9555,10646,10501,10556,0
9735,9881,10145,9667,8681,9555,10646,10501,10556,12009,1
9881,10145,9667,8681,9555,10646,10501,10556,12009,10427,5
10145,9667,8681,9555,10646,10501,10556,12009,10427,11115,-5
9667,8681,9555,10646,10501,10556,12009,10427,11115,12410,3
8681,9555,10646,10501,10556,12009,10427,11115,12410,11956,5
9555,10646,10501,10556,12009,10427,11115,12410,11956,13269,-1
10646,10501,10556,12009,10427,11115,12410,11956,13269,12675,5
10501,10556,12009,10427,11115,12410,11956,13269,12675,13237,-1
10556,12009,10427,11115,12410,11956,13269,12675,13237,13159,2
12009,10427,11115,12410,11956,13269,12675,13237,13159,11423,0
10427,11115,12410,11956,13269,12675,13237,13159,11423,13889,-5
11115,12410,11956,13269,12675,13237,13159,11423,13889,12851,5
12410,11956,13269,12675,13237,13159,11423,13889,12851,14947,-3
11956,13269,12675,13237,13159,11423,13889,12851,14947,13549,5
13269,12675,13237,13159,11423,13889,12851,14947,13549,12569,-4
12675,13237,13159,11423,13889,12851,14947,13549,12569,12642,-3
13237,13159,11423,13889,12851,14947,13549,12569,12642,13122,1
13159,11423,13889,12851,14947,13549,12569,12642,13122,13246,2
11423,13889,12851,14947,13549,12569,12642,13122,13246,13330,1
13889,12851,14947,13549,12569,12642,13122,13246,13330,12049,1
12851,14947,13549,12569,12642,13122,13246,13330,12049,13644,-4
14947,13549,12569,12642,13122,13246,13330,12049,13644,13524,5
13549,12569,12642,13122,13246,13330,12049,13644,13524,13979,0
12569,12642,13122,13246,13330,12049,13644,13524,13979,15015,2
12642,13122,13246,13330,12049,13644,13524,13979,15015,15283,4
13122,13246,13330,12049,13644,13524,13979,15015,15283,14550,1
13246,13330,12049,13644,13524,13979,15015,15283,14550,12515,-2
13330,12049,13644,13524,13979,15015,15283,14550,12515,14852,-5
12049,13644,13524,13979,15015,15283,14550,12515,14852,11723,5
13644,13524,13979,15015,15283,14550,12515,14852,11723,13676,-5
13524,13979,15015,15283,14550,12515,14852,11723,13676,13972,5
13979,15015,15283,14550,12515,14852,11723,13676,13972,12538,1
15015,15283,14550,12515,14852,11723,13676,13972,12538,13307,-4
15283,14550,12515,14852,11723,13676,13972,12538,13307,13001,3
14550,12515,14852,11723,13676,13972,12538,13307,13001,13840,-1
12515,14852,11723,13676,13972,12538,13307,13001,13840,11812,3
14852,11723,13676,13972,12538,13307,13001,13840,11812,12160,-5
11723,13676,13972,12538,13307,13001,13840,11812,12160,13487,2
13676,13972,12538,13307,13001,13840,11812,12160,13487,13845,5
13972,12538,13307,13001,13840,11812,12160,13487,13845,12390,2
12538,13307,13001,13840,11812,12160,13487,13845,12390,9849,-4
13307,13001,13840,11812,12160,13487,13845,12390,9849,11262,-5
13001,13840,11812,12160,13487,13845,12390,9849,11262,10976,5
13840,11812,12160,13487,13845,12390,9849,11262,10976,10038,0
11812,12160,13487,13845,12390,9849,11262,10976,10038,11109,-3
12160,13487,13845,12390,9849,11262,10976,10038,11109,11011,4
13487,13845,12390,9849,11262,10976,10038,11109,11011,10079,0
13845,12390,9849,11262,10976,10038,11109,11011,10079,11877,-3
12390,9849,11262,10976,10038,11109,11011,10079,11877,10177,5
9849,11262,10976,10038,11109,11011,10079,11877,10177,10213,-5
11262,10976,10038,11109,11011,10079,11877,10177,10213,10713,1
10976,10038,11109,11011,10079,11877,10177,10213,10713,9699,2
10038,11109,11011,10079,11877,10177,10213,10713,9699,10792,-3
11109,11011,10079,11877,10177,10213,10713,9699,10792,9701,4
11011,10079,11877,10177,10213,10713,9699,10792,9701,9924,-3
10079,11877,10177,10213,10713,9699,10792,9701,9924,10156,1
11877,10177,10213,10713,9699,10792,9701,9924,10156,9182,1
10177,10213,10713,9699,10792,9701,9924,10156,9182,9363,-3
10213,10713,9699,10792,9701,9924,10156,9182,9363,9277,1
10713,9699,10792,9701,9924,10156,9182,9363,9277,8911,0
9699,10792,9701,9924,10156,9182,9363,9277,8911,8808,-1
10792,9701,9924,10156,9182,9363,9277,8911,8808,9404,0
9701,9924,10156,9182,9363,9277,8911,8808,9404,9675,2
9924,10156,9182,9363,9277,8911,8808,9404,9675,8622,1
10156,9182,9363,9277,8911,8808,9404,9675,8622,6543,-3
9182,9363,9277,8911,8808,9404,9675,8622,6543,8037,-5
9363,9277,8911,8808,9404,9675,8622,6543,8037,7264,5
9277,8911,8808,9404,9675,8622,6543,8037,7264,6940,-2
8911,8808,9404,9675,8622,6543,8037,7264,6940,6637,-1
8808,9404,9675,8622,6543,8037,7264,6940,6637,6640,-1
9404,9675,8622,6543,8037,7264,6940,6637,6640,7280,1
9675,8622,6543,8037,7264,6940,6637,6640,7280,7531,3
8622,6543,8037,7264,6940,6637,6640,7280,7531,8387,1
6543,8037,7264,6940,6637,6640,7280,7531,8387,8016,3
8037,7264,6940,6637,6640,7280,7531,8387,8016,6931,-1
7264,6940,6637,6640,7280,7531,8387,8016,6931,7085,-3
6940,6637,6640,7280,7531,8387,8016,6931,7085,7970,1
6637,6640,7280,7531,8387,8016,6931,7085,7970,7310,3
6640,7280,7531,8387,8016,6931,7085,7970,7310,8319,-2
7280,7531,8387,8016,6931,7085,7970,7310,8319,6216,4
7531,8387,8016,6931,7085,7970,7310,8319,6216,5483,-5
8387,8016,6931,7085,7970,7310,8319,6216,5483,5731,-2
8016,6931,7085,7970,7310,8319,6216,5483,5731,5791,1
6931,7085,7970,7310,8319,6216,5483,5731,5791,6420,1
7085,7970,7310,8319,6216,5483,5731,5791,6420,5647,3
7970,7310,8319,6216,5483,5731,5791,6420,5647,5444,-2
7310,8319,6216,5483,5731,5791,6420,5647,5444,6103,0
8319,6216,5483,5731,5791,6420,5647,5444,6103,5708,3
6216,5483,5731,5791,6420,5647,5444,6103,5708,6829,-1
5483,5731,5791,6420,5647,5444,6103,5708,6829,5181,4
5731,5791,6420,5647,5444,6103,5708,6829,5181,4867,-5
5791,6420,5647,5444,6103,5708,6829,5181,4867,4881,-1
6420,5647,5444,6103,5708,6829,5181,4867,4881,4945,1
5647,5444,6103,5708,6829,5181,4867,4881,4945,4490,1
5444,6103,5708,6829,5181,4867,4881,4945,4490,5328,-1
6103,5708,6829,5181,4867,4881,4945,4490,5328,5107,3
5708,6829,5181,4867,4881,4945,4490,5328,5107,4331,0
6829,5181,4867,4881,4945,4490,5328,5107,4331,5081,-2
5181,4867,4881,4945,4490,5328,5107,4331,5081,4739,3
4867,4881,4945,4490,5328,5107,4331,5081,4739,4429,-1
4881,4945,4490,5328,5107,4331,5081,4739,4429,4956,-1
4945,4490,5328,5107,4331,5081,4739,4429,4956,4850,2
4490,5328,5107,4331,5081,4739,4429,4956,4850,5160,0
5328,5107,4331,5081,4739,4429,4956,4850,5160,5073,2
5107,4331,5081,4739,4429,4956,4850,5160,5073,5268,0
4331,5081,4739,4429,4956,4850,5160,5073,5268,5910,1
5081,4739,4429,4956,4850,5160,5073,5268,5910,5638,3
4739,4429,4956,4850,5160,5073,5268,5910,5638,6374,0
4429,4956,4850,5160,5073,5268,5910,5638,6374,5506,3
4956,4850,5160,5073,5268,5910,5638,6374,5506,6209,-2
4850,5160,5073,5268,5910,5638,6374,5506,6209,7519,3
5160,5073,5268,5910,5638,6374,5506,6209,7519,5310,5
5073,5268,5910,5638,6374,5506,6209,7519,5310,5743,-5
5268,5910,5638,6374,5506,6209,7519,5310,5743,6490,2
5910,5638,6374,5506,6209,7519,5310,5743,6490,8007,3
5638,6374,5506,6209,7519,5310,5743,6490,8007,8783,5
6374,5506,6209,7519,5310,5743,6490,8007,8783,8588,3
5506,6209,7519,5310,5743,6490,8007,8783,8588,9619,0
6209,7519,5310,5743,6490,8007,8783,8588,9619,9726,4
7519,5310,5743,6490,8007,8783,8588,9619,9726,9676,1
5310,5743,6490,8007,8783,8588,9619,9726,9676,8767,0
5743,6490,8007,8783,8588,9619,9726,9676,8767,9858,-3
6490,8007,8783,8588,9619,9726,9676,8767,9858,9973,4
8007,8783,8588,9619,9726,9676,8767,9858,9973,9699,1
8783,8588,9619,9726,9676,8767,9858,9973,9699,10830,0
8588,9619,9726,9676,8767,9858,9973,9699,10830,10310,4
9619,9726,9676,8767,9858,9973,9699,10830,10310,11213,-1
9726,9676,8767,9858,9973,9699,10830,10310,11213,11308,4
9676,8767,9858,9973,9699,10830,10310,11213,11308,10889,1
8767,9858,9973,9699,10830,10310,11213,11308,10889,10314,-1
9858,9973,9699,10830,10310,11213,11308,10889,10314,11084,-1
9973,9699,10830,10310,11213,11308,10889,10314,11084,10354,3
9699,10830,10310,11213,11308,10889,10314,11084,10354,10816,-2
10830,10310,11213,11308,10889,10314,11084,10354,10816,10500,2
10310,11213,11308,10889,10314,11084,10354,10816,10500,10594,-1
11213,11308,10889,10314,11084,10354,10816,10500,10594,11583,1
11308,10889,10314,11084,10354,10816,10500,10594,11583,10294,4
10889,10314,11084,10354,10816,10500,10594,11583,10294,12019,-4
10314,11084,10354,10816,10500,10594,11583,10294,12019,14168,5
11084,10354,10816,10500,10594,11583,10294,12019,14168,12445,5
10354,10816,10500,10594,11583,10294,12019,14168,12445,11616,-5
10816,10500,10594,11583,10294,12019,14168,12445,11616,11611,-2
10500,10594,11583,10294,12019,14168,12445,11616,11611,14856,0
10594,11583,10294,12019,14168,12445,11616,11611,14856,11714,5
11583,10294,12019,14168,12445,11616,11611,14856,11714,14946,-5
10294,12019,14168,12445,11616,11611,14856,11714,14946,14143,5
12019,14168,12445,11616,11611,14856,11714,14946,14143,15283,-2
14168,12445,11616,11611,14856,11714,14946,14143,15283,16026,4
12445,11616,11611,14856,11714,14946,14143,15283,16026,16116,3
11616,11611,14856,11714,14946,14143,15283,16026,16116,15095,1
11611,14856,11714,14946,14143,15283,16026,16116,15095,15048,-3
14856,11714,14946,14143,15283,16026,16116,15095,15048,18103,0
11714,14946,14143,15283,16026,16116,15095,15048,18103,16772,5
14946,14143,15283,16026,16116,15095,15048,18103,16772,16445,-4
14143,15283,16026,16116,15095,15048,18103,16772,16445,16114,-1
15283,16026,16116,15095,15048,18103,16772,16445,16114,15617,-1
16026,16116,15095,15048,18103,16772,16445,16114,15617,17780,-1
16116,15095,15048,18103,16772,16445,16114,15617,17780,16458,5
15095,15048,18103,16772,16445,16114,15617,17780,16458,15152,-4
15048,18103,16772,16445,16114,15617,17780,16458,15152,14437,-4
18103,16772,16445,16114,15617,17780,16458,15152,14437,18821,-2
16772,16445,16114,15617,17780,16458,15152,14437,18821,18887,5
16445,16114,15617,17780,16458,15152,14437,18821,18887,15051,1
16114,15617,17780,16458,15152,14437,18821,18887,15051,17705,-5
15617,17780,16458,15152,14437,18821,18887,15051,17705,17830,5
17780,16458,15152,14437,18821,18887,15051,17705,17830,15333,1
16458,15152,14437,18821,18887,15051,17705,17830,15333,17085,-5
15152,14437,18821,18887,15051,17705,17830,15333,17085,15922,5
14437,18821,18887,15051,17705,17830,15333,17085,15922,17123,-3
18821,18887,15051,17705,17830,15333,17085,15922,17123,17307,5
18887,15051,17705,17830,15333,17085,15922,17123,17307,16825,1
15051,17705,17830,15333,17085,15922,17123,17307,16825,16412,-1
17705,17830,15333,17085,15922,17123,17307,16825,16412,15689,-1
17830,15333,17085,15922,17123,17307,16825,16412,15689,15064,-2
15333,17085,15922,17123,17307,16825,16412,15689,15064,15111,-2
17085,15922,17123,17307,16825,16412,15689,15064,15111,14951,1
15922,17123,17307,16825,16412,15689,15064,15111,14951,13600,0
17123,17307,16825,16412,15689,15064,15111,14951,13600,15357,-4
17307,16825,16412,15689,15064,15111,14951,13600,15357,15657,5
16825,16412,15689,15064,15111,14951,13600,15357,15657,15849,1
16412,15689,15064,15111,14951,13600,15357,15657,15849,16825,1
15689,15064,15111,14951,13600,15357,15657,15849,16825,16616,4
15064,15111,14951,13600,15357,15657,15849,16825,16616,16643,0
15111,14951,13600,15357,15657,15849,16825,16616,16643,15271,1
14951,13600,15357,15657,15849,16825,16616,16643,15271,13889,-4
13600,15357,15657,15849,16825,16616,16643,15271,13889,15737,-4
15357,15657,15849,16825,16616,16643,15271,13889,15737,14562,5
15657,15849,16825,16616,16643,15271,13889,15737,14562,12920,-3
15849,16825,16616,16643,15271,13889,15737,14562,12920,14106,-5
16825,16616,16643,15271,13889,15737,14562,12920,14106,14641,4
16616,16643,15271,13889,15737,14562,12920,14106,14641,13959,2
16643,15271,13889,15737,14562,12920,14106,14641,13959,13756,-2
15271,13889,15737,14562,12920,14106,14641,13959,13756,13862,0
13889,15737,14562,12920,14106,14641,13959,13756,13862,10912,1
15737,14562,12920,14106,14641,13959,13756,13862,10912,7797,-5
14562,12920,14106,14641,13959,13756,13862,10912,7797,1175,-5
12920,14106,14641,13959,13756,13862,10912,7797,1175,1309,-5
14106,14641,13959,13756,13862,10912,7797,1175,1309,6622,1
14641,13959,13756,13862,10912,7797,1175,1309,6622,10163,5
13959,13756,13862,10912,7797,1175,1309,6622,10163,12321,5
