280,339,317,269,265,254,277,283,243,248,-10
339,317,269,265,254,277,283,243,248,252,-4
317,269,265,254,277,283,243,248,252,259,-10
269,265,254,277,283,243,248,252,259,234,-10
265,254,277,283,243,248,252,259,234,220,-10
254,277,283,243,248,252,259,234,220,226,-10
277,283,243,248,252,259,234,220,226,217,-10
283,243,248,252,259,234,220,226,217,204,-10
243,248,252,259,234,220,226,217,204,218,-10
248,252,259,234,220,226,217,204,218,183,-10
252,259,234,220,226,217,204,218,183,197,10
259,234,220,226,217,204,218,183,197,239,-3
234,220,226,217,204,218,183,197,239,203,-10
220,226,217,204,218,183,197,239,203,202,-10
226,217,204,218,183,197,239,203,202,187,-10
217,204,218,183,197,239,203,202,187,151,-10
204,218,183,197,239,203,202,187,151,172,10
218,183,197,239,203,202,187,151,172,222,10
183,197,239,203,202,187,151,172,222,254,10
197,239,203,202,187,151,172,222,254,209,-10
239,203,202,187,151,172,222,254,209,204,7
203,202,187,151,172,222,254,209,204,217,10
202,187,151,172,222,254,209,204,217,231,10
187,151,172,222,254,209,204,217,231,261,3
151,172,222,254,209,204,217,231,261,219,-10
172,222,254,209,204,217,231,261,219,187,-10
222,254,209,204,217,231,261,219,187,204,-10
254,209,204,217,231,261,219,187,204,199,1
209,204,217,231,261,219,187,204,199,213,-10
204,217,231,261,219,187,204,199,213,197,10
217,231,261,219,187,204,199,213,197,223,-5
231,261,219,187,204,199,213,197,223,202,-10
261,219,187,204,199,213,197,223,202,177,-10
219,187,204,199,213,197,223,202,177,144,-10
187,204,199,213,197,223,202,177,144,146,-10
204,199,213,197,223,202,177,144,146,134,-10
199,213,197,223,202,177,144,146,134,161,10
213,197,223,202,177,144,146,134,161,189,10
197,223,202,177,144,146,134,161,189,177,-5
223,202,177,144,146,134,161,189,177,168,10
202,177,144,146,134,161,189,177,168,193,-10
177,144,146,134,161,189,177,168,193,137,-10
144,146,134,161,189,177,168,193,137,130,10
146,134,161,189,177,168,193,137,130,171,10
134,161,189,177,168,193,137,130,171,196,3
161,189,177,168,193,137,130,171,196,163,-2
189,177,168,193,137,130,171,196,163,173,10
177,168,193,137,130,171,196,163,173,188,-10
168,193,137,130,171,196,163,173,188,134,10
193,137,130,171,196,163,173,188,134,219,-10
137,130,171,196,163,173,188,134,219,149,-10
130,171,196,163,173,188,134,219,149,133,-6
171,196,163,173,188,134,219,149,133,163,10
196,163,173,188,134,219,149,133,163,253,10
163,173,188,134,219,149,133,163,253,233,10
173,188,134,219,149,133,163,253,233,249,10
188,134,219,149,133,163,253,233,249,257,10
134,219,149,133,163,253,233,249,257,279,10
219,149,133,163,253,233,249,257,279,262,-8
149,133,163,253,233,249,257,279,262,236,6
133,163,253,233,249,257,279,262,236,251,10
163,253,233,249,257,279,262,236,251,260,10
253,233,249,257,279,262,236,251,260,281,10
233,249,257,279,262,236,251,260,281,271,-10
249,257,279,262,236,251,260,281,271,248,10
257,279,262,236,251,260,281,271,248,278,-10
279,262,236,251,260,281,271,248,278,232,-10
262,236,251,260,281,271,248,278,232,237,-10
236,251,260,281,271,248,278,232,237,215,10
251,260,281,271,248,278,232,237,215,263,10
260,281,271,248,278,232,237,215,263,268,-3
281,271,248,278,232,237,215,263,268,247,-7
271,248,278,232,237,215,263,268,247,249,10
248,278,232,237,215,263,268,247,249,286,10
278,232,237,215,263,268,247,249,286,272,10
232,237,215,263,268,247,249,286,272,324,10
237,215,263,268,247,249,286,272,324,355,10
215,263,268,247,249,286,272,324,355,304,10
263,268,247,249,286,272,324,355,304,369,10
268,247,249,286,272,324,355,304,369,333,8
247,249,286,272,324,355,304,369,333,332,10
249,286,272,324,355,304,369,333,332,346,10
286,272,324,355,304,369,333,332,346,363,-10
272,324,355,304,369,333,332,346,363,318,-10
324,355,304,369,333,332,346,363,318,321,10
355,304,369,333,332,346,363,318,321,372,-10
304,369,333,332,346,363,318,321,372,319,10
369,333,332,346,363,318,321,372,319,365,10
333,332,346,363,318,321,372,319,365,393,10
332,346,363,318,321,372,319,365,393,406,10
346,363,318,321,372,319,365,393,406,408,10
363,318,321,372,319,365,393,406,408,433,10
318,321,372,319,365,393,406,408,433,415,6
321,372,319,365,393,406,408,433,415,403,10
372,319,365,393,406,408,433,415,403,415,10
319,365,393,406,408,433,415,403,415,418,-9
365,393,406,408,433,415,403,415,418,398,-7
393,406,408,433,415,403,415,418,398,406,-10
406,408,433,415,403,415,418,398,406,389,-8
408,433,415,403,415,418,398,406,389,401,10
433,415,403,415,418,398,406,389,401,461,8
415,403,415,418,398,406,389,401,461,411,10
403,415,418,398,406,389,401,461,411,472,10
415,418,398,406,389,401,461,411,472,467,4
418,398,406,389,401,461,411,472,467,439,-10
398,406,389,401,461,411,472,467,439,385,-10
406,389,401,461,411,472,467,439,385,355,-10
389,401,461,411,472,467,439,385,355,390,10
401,461,411,472,467,439,385,355,390,448,-10
461,411,472,467,439,385,355,390,448,381,-10
411,472,467,439,385,355,390,448,381,335,-10
472,467,439,385,355,390,448,381,335,353,10
467,439,385,355,390,448,381,335,353,442,10
439,385,355,390,448,381,335,353,442,425,7
385,355,390,448,381,335,353,442,425,405,-10
355,390,448,381,335,353,442,425,405,325,-10
390,448,381,335,353,442,425,405,325,347,-10
448,381,335,353,442,425,405,325,347,349,-10
381,335,353,442,425,405,325,347,349,317,-10
335,353,442,425,405,325,347,349,317,348,10
353,442,425,405,325,347,349,317,348,394,-10
442,425,405,325,347,349,317,348,394,339,-10
425,405,325,347,349,317,348,394,339,340,-10
405,325,347,349,317,348,394,339,340,320,-10
325,347,349,317,348,394,339,340,320,307,-10
347,349,317,348,394,339,340,320,307,267,-10
349,317,348,394,339,340,320,307,267,271,10
317,348,394,339,340,320,307,267,271,319,10
348,394,339,340,320,307,267,271,319,374,-10
394,339,340,320,307,267,271,319,374,298,-10
339,340,320,307,267,271,319,374,298,246,-10
340,320,307,267,271,319,374,298,246,233,-10
320,307,267,271,319,374,298,246,233,192,-10
307,267,271,319,374,298,246,233,192,178,-10
267,271,319,374,298,246,233,192,178,157,-10
271,319,374,298,246,233,192,178,157,152,-10
319,374,298,246,233,192,178,157,152,141,10
374,298,246,233,192,178,157,152,141,236,-2
298,246,233,192,178,157,152,141,236,177,1
246,233,192,178,157,152,141,236,177,199,-10
233,192,178,157,152,141,236,177,199,163,-10
192,178,157,152,141,236,177,199,163,173,10
178,157,152,141,236,177,199,163,173,192,10
157,152,141,236,177,199,163,173,192,197,-10
152,141,236,177,199,163,173,192,197,148,-10
141,236,177,199,163,173,192,197,148,159,-3
236,177,199,163,173,192,197,148,159,171,-10
177,199,163,173,192,197,148,159,171,146,-10
199,163,173,192,197,148,159,171,146,159,-8
163,173,192,197,148,159,171,146,159,155,-5
173,192,197,148,159,171,146,159,155,158,-10
192,197,148,159,171,146,159,155,158,148,-10
197,148,159,171,146,159,155,158,148,149,7
148,159,171,146,159,155,158,148,149,162,10
159,171,146,159,155,158,148,149,162,162,10
171,146,159,155,158,148,149,162,162,172,5
146,159,155,158,148,149,162,162,172,163,-8
159,155,158,148,149,162,162,172,163,155,-4
155,158,148,149,162,162,172,163,155,158,-2
158,148,149,162,162,172,163,155,158,157,-8
148,149,162,162,172,163,155,158,157,151,-10
149,162,162,172,163,155,158,157,151,141,2
162,162,172,163,155,158,157,151,141,158,10
162,172,163,155,158,157,151,141,158,172,10
172,163,155,158,157,151,141,158,172,172,-10
163,155,158,157,151,141,158,172,172,138,-8
155,158,157,151,141,158,172,172,138,156,-6
158,157,151,141,158,172,172,138,156,148,-2
157,151,141,158,172,172,138,156,148,154,-9
151,141,158,172,172,138,156,148,154,144,-10
141,158,172,172,138,156,148,154,144,139,-6
158,172,172,138,156,148,154,144,139,145,10
172,172,138,156,148,154,144,139,145,167,10
172,138,156,148,154,144,139,145,167,160,-10
138,156,148,154,144,139,145,167,160,134,-8
156,148,154,144,139,145,167,160,134,147,-10
148,154,144,139,145,167,160,134,147,101,-10
154,144,139,145,167,160,134,147,101,130,-10
144,139,145,167,160,134,147,101,130,107,-10
139,145,167,160,134,147,101,130,107,107,-9
145,167,160,134,147,101,130,107,107,116,9
167,160,134,147,101,130,107,107,116,129,10
160,134,147,101,130,107,107,116,129,136,10
134,147,101,130,107,107,116,129,136,140,6
147,101,130,107,107,116,129,136,140,132,-10
101,130,107,107,116,129,136,140,132,78,5
130,107,107,116,129,136,140,132,78,133,10
107,107,116,129,136,140,132,78,133,123,-9
107,116,129,136,140,132,78,133,123,112,10
116,129,136,140,132,78,133,123,112,139,10
129,136,140,132,78,133,123,112,139,145,-5
136,140,132,78,133,123,112,139,145,122,-10
140,132,78,133,123,112,139,145,122,106,-10
132,78,133,123,112,139,145,122,106,86,10
78,133,123,112,139,145,122,106,86,130,10
133,123,112,139,145,122,106,86,130,146,10
123,112,139,145,122,106,86,130,146,134,10
112,139,145,122,106,86,130,146,134,146,-8
139,145,122,106,86,130,146,134,146,121,-10
145,122,106,86,130,146,134,146,121,116,10
122,106,86,130,146,134,146,121,116,169,10
106,86,130,146,134,146,121,116,169,165,10
86,130,146,134,146,121,116,169,165,159,10
130,146,134,146,121,116,169,165,159,170,-10
146,134,146,121,116,169,165,159,170,138,-10
134,146,121,116,169,165,159,170,138,123,7
146,121,116,169,165,159,170,138,123,155,10
121,116,169,165,159,170,138,123,155,158,-10
116,169,165,159,170,138,123,155,158,136,-10
169,165,159,170,138,123,155,158,136,134,-10
165,159,170,138,123,155,158,136,134,125,10
159,170,138,123,155,158,136,134,125,163,10
170,138,123,155,158,136,134,125,163,168,3
138,123,155,158,136,134,125,163,168,149,7
123,155,158,136,134,125,163,168,149,159,-10
155,158,136,134,125,163,168,149,159,139,-10
158,136,134,125,163,168,149,159,139,144,10
136,134,125,163,168,149,159,139,144,160,7
134,125,163,168,149,159,139,144,160,153,7
125,163,168,149,159,139,144,160,153,158,10
163,168,149,159,139,144,160,153,158,181,10
168,149,159,139,144,160,153,158,181,165,-10
149,159,139,144,160,153,158,181,165,153,-10
159,139,144,160,153,158,181,165,153,153,-5
139,144,160,153,158,181,165,153,153,154,9
144,160,153,158,181,165,153,153,154,165,10
160,153,158,181,165,153,153,154,165,211,10
153,158,181,165,153,153,154,165,211,220,7
158,181,165,153,153,154,165,211,220,185,10
181,165,153,153,154,165,211,220,185,227,10
165,153,153,154,165,211,220,185,227,205,-10
153,153,154,165,211,220,185,227,205,175,1
153,154,165,211,220,185,227,205,175,200,10
154,165,211,220,185,227,205,175,200,269,10
165,211,220,185,227,205,175,200,269,249,10
211,220,185,227,205,175,200,269,249,257,-1
220,185,227,205,175,200,269,249,257,229,-10
185,227,205,175,200,269,249,257,229,177,-10
227,205,175,200,269,249,257,229,177,167,10
205,175,200,269,249,257,229,177,167,232,-8
175,200,269,249,257,229,177,167,232,192,-4
200,269,249,257,229,177,167,232,192,211,10
269,249,257,229,177,167,232,192,211,243,5
249,257,229,177,167,232,192,211,243,216,10
257,229,177,167,232,192,211,243,216,237,10
229,177,167,232,192,211,243,216,237,315,-7
177,167,232,192,211,243,216,237,315,215,-10
167,232,192,211,243,216,237,315,215,231,-3
232,192,211,243,216,237,315,215,231,232,-1
192,211,243,216,237,315,215,231,232,235,10
211,243,216,237,315,215,231,232,235,268,-10
243,216,237,315,215,231,232,235,268,204,10
216,237,315,215,231,232,235,268,204,266,-10
237,315,215,231,232,235,268,204,266,206,-10
315,215,231,232,235,268,204,266,206,202,3
215,231,232,235,268,204,266,206,202,234,10
231,232,235,268,204,266,206,202,234,275,2
232,235,268,204,266,206,202,234,275,229,10
235,268,204,266,206,202,234,275,229,293,10
268,204,266,206,202,234,275,229,293,262,10
204,266,206,202,234,275,229,293,262,266,10
266,206,202,234,275,229,293,262,266,269,-9
206,202,234,275,229,293,262,266,269,250,-10
202,234,275,229,293,262,266,269,250,211,-10
234,275,229,293,262,266,269,250,211,238,-10
275,229,293,262,266,269,250,211,238,232,3
229,293,262,266,269,250,211,238,232,247,-5
293,262,266,269,250,211,238,232,247,236,-10
262,266,269,250,211,238,232,247,236,197,-10
266,269,250,211,238,232,247,236,197,167,-10
269,250,211,238,232,247,236,197,167,216,-8
250,211,238,232,247,236,197,167,216,199,10
211,238,232,247,236,197,167,216,199,229,-10
238,232,247,236,197,167,216,199,229,186,-10
232,247,236,197,167,216,199,229,186,185,-10
247,236,197,167,216,199,229,186,185,168,-10
236,197,167,216,199,229,186,185,168,171,-10
197,167,216,199,229,186,185,168,171,166,-10
167,216,199,229,186,185,168,171,166,150,10
216,199,229,186,185,168,171,166,150,211,-6
199,229,186,185,168,171,166,150,211,165,-10
229,186,185,168,171,166,150,211,165,152,-10
186,185,168,171,166,150,211,165,152,155,-10
185,168,171,166,150,211,165,152,155,152,5
168,171,166,150,211,165,152,155,152,168,-6
171,166,150,211,165,152,155,152,168,154,10
166,150,211,165,152,155,152,168,154,178,-3
150,211,165,152,155,152,168,154,178,158,-6
211,165,152,155,152,168,154,178,158,161,-10
165,152,155,152,168,154,178,158,161,135,-10
152,155,152,168,154,178,158,161,135,151,-10
155,152,168,154,178,158,161,135,151,133,10
152,168,154,178,158,161,135,151,133,163,7
168,154,178,158,161,135,151,133,163,153,-7
154,178,158,161,135,151,133,163,153,147,1
178,158,161,135,151,133,163,153,147,153,-6
158,161,135,151,133,163,153,147,153,145,10
161,135,151,133,163,153,147,153,145,165,-10
135,151,133,163,153,147,153,145,165,135,10
151,133,163,153,147,153,145,165,135,164,10
133,163,153,147,153,145,165,135,164,166,10
163,153,147,153,145,165,135,164,166,170,-10
153,147,153,145,165,135,164,166,170,149,-8
147,153,145,165,135,164,166,170,149,154,-10
153,145,165,135,164,166,170,149,154,122,-10
145,165,135,164,166,170,149,154,122,146,10
165,135,164,166,170,149,154,122,146,163,-8
135,164,166,170,149,154,122,146,163,140,10
164,166,170,149,154,122,146,163,140,169,10
166,170,149,154,122,146,163,140,169,168,-10
170,149,154,122,146,163,140,169,168,144,6
149,154,122,146,163,140,169,168,144,164,10
154,122,146,163,140,169,168,144,164,164,-8
122,146,163,140,169,168,144,164,164,149,-10
146,163,140,169,168,144,164,164,149,143,-10
163,140,169,168,144,164,164,149,143,142,-10
140,169,168,144,164,164,149,143,142,140,10
169,168,144,164,164,149,143,142,140,161,4
168,144,164,164,149,143,142,140,161,151,-1
144,164,164,149,143,142,140,161,151,152,10
164,164,149,143,142,140,161,151,152,171,-4
164,149,143,142,140,161,151,152,171,148,-10
149,143,142,140,161,151,152,171,148,135,-2
143,142,140,161,151,152,171,148,135,151,-10
142,140,161,151,152,171,148,135,151,81,-10
140,161,151,152,171,148,135,151,81,129,10
161,151,152,171,148,135,151,81,129,145,10
151,152,171,148,135,151,81,129,145,148,-10
152,171,148,135,151,81,129,145,148,124,-10
171,148,135,151,81,129,145,148,124,123,-9
148,135,151,81,129,145,148,124,123,125,-10
135,151,81,129,145,148,124,123,125,116,10
151,81,129,145,148,124,123,125,116,147,-10
81,129,145,148,124,123,125,116,147,76,-9
129,145,148,124,123,125,116,147,76,123,-10
145,148,124,123,125,116,147,76,123,77,10
148,124,123,125,116,147,76,123,77,144,10
124,123,125,116,147,76,123,77,144,133,10
123,125,116,147,76,123,77,144,133,147,10
125,116,147,76,123,77,144,133,147,145,4
116,147,76,123,77,144,133,147,145,133,3
147,76,123,77,144,133,147,145,133,136,-10
76,123,77,144,133,147,145,133,136,120,-10
123,77,144,133,147,145,133,136,120,80,10
77,144,133,147,145,133,136,120,80,159,10
144,133,147,145,133,136,120,80,159,139,10
133,147,145,133,136,120,80,159,139,155,10
147,145,133,136,120,80,159,139,155,158,10
145,133,136,120,80,159,139,155,158,175,10
133,136,120,80,159,139,155,158,175,158,-9
136,120,80,159,139,155,158,175,158,145,10
120,80,159,139,155,158,175,158,145,162,8
80,159,139,155,158,175,158,145,162,157,10
159,139,155,158,175,158,145,162,157,166,3
139,155,158,175,158,145,162,157,166,160,8
155,158,175,158,145,162,157,166,160,168,10
158,175,158,145,162,157,166,160,168,184,7
175,158,145,162,157,166,160,168,184,170,-10
158,145,162,157,166,160,168,184,170,157,-10
145,162,157,166,160,168,184,170,157,149,1
162,157,166,160,168,184,170,157,149,164,10
157,166,160,168,184,170,157,149,164,181,-7
166,160,168,184,170,157,149,164,181,156,10
160,168,184,170,157,149,164,181,156,181,7
168,184,170,157,149,164,181,156,181,170,-10
184,170,157,149,164,181,156,181,170,131,-10
170,157,149,164,181,156,181,170,131,159,10
157,149,164,181,156,181,170,131,159,190,10
149,164,181,156,181,170,131,159,190,177,4
164,181,156,181,170,131,159,190,177,173,-6
181,156,181,170,131,159,190,177,173,166,-1
156,181,170,131,159,190,177,173,166,171,10
181,170,131,159,190,177,173,166,171,202,10
170,131,159,190,177,173,166,171,202,203,10
131,159,190,177,173,166,171,202,203,206,10
159,190,177,173,166,171,202,203,206,225,10
190,177,173,166,171,202,203,206,225,208,1
177,173,166,171,202,203,206,225,208,204,10
173,166,171,202,203,206,225,208,204,212,3
166,171,202,203,206,225,208,204,212,205,7
171,202,203,206,225,208,204,212,205,213,-10
202,203,206,225,208,204,212,205,213,173,10
203,206,225,208,204,212,205,213,173,255,10
206,225,208,204,212,205,213,173,255,238,-10
225,208,204,212,205,213,173,255,238,208,10
208,204,212,205,213,173,255,238,208,304,10
204,212,205,213,173,255,238,208,304,280,1
212,205,213,173,255,238,208,304,280,248,10
205,213,173,255,238,208,304,280,248,292,10
213,173,255,238,208,304,280,248,292,284,10
173,255,238,208,304,280,248,292,284,275,10
255,238,208,304,280,248,292,284,275,279,-7
238,208,304,280,248,292,284,275,279,266,-10
208,304,280,248,292,284,275,279,266,261,-10
304,280,248,292,284,275,279,266,261,192,-10
280,248,292,284,275,279,266,261,192,221,-10
248,292,284,275,279,266,261,192,221,217,-10
292,284,275,279,266,261,192,221,217,214,-10
284,275,279,266,261,192,221,217,214,224,10
275,279,266,261,192,221,217,214,224,302,10
279,266,261,192,221,217,214,224,302,255,-10
266,261,192,221,217,214,224,302,255,224,-10
261,192,221,217,214,224,302,255,224,203,-10
192,221,217,214,224,302,255,224,203,218,1
221,217,214,224,302,255,224,203,218,225,-10
217,214,224,302,255,224,203,218,225,213,-10
214,224,302,255,224,203,218,225,213,189,10
224,302,255,224,203,218,225,213,189,288,10
302,255,224,203,218,225,213,189,288,248,-10
255,224,203,218,225,213,189,288,248,225,-10
224,203,218,225,213,189,288,248,225,194,-10
203,218,225,213,189,288,248,225,194,202,10
218,225,213,189,288,248,225,194,202,238,5
225,213,189,288,248,225,194,202,238,219,-10
213,189,288,248,225,194,202,238,219,203,-10
189,288,248,225,194,202,238,219,203,180,-10
288,248,225,194,202,238,219,203,180,187,-10
248,225,194,202,238,219,203,180,187,195,-10
225,194,202,238,219,203,180,187,195,172,-10
194,202,238,219,203,180,187,195,172,182,-10
202,238,219,203,180,187,195,172,182,177,-10
238,219,203,180,187,195,172,182,177,169,2
219,203,180,187,195,172,182,177,169,187,-6
203,180,187,195,172,182,177,169,187,174,-10
180,187,195,172,182,177,169,187,174,169,-10
187,195,172,182,177,169,187,174,169,162,2
195,172,182,177,169,187,174,169,162,177,8
172,182,177,169,187,174,169,162,177,178,-10
182,177,169,187,174,169,162,177,178,158,-4
177,169,187,174,169,162,177,178,158,172,5
169,187,174,169,162,177,178,158,172,173,-6
187,174,169,162,177,178,158,172,173,165,10
174,169,162,177,178,158,172,173,165,182,-10
169,162,177,178,158,172,173,165,182,149,-9
162,177,178,158,172,173,165,182,149,165,10
177,178,158,172,173,165,182,149,165,176,-2
178,158,172,173,165,182,149,165,176,164,10
158,172,173,165,182,149,165,176,164,183,7
172,173,165,182,149,165,176,164,183,173,-3
173,165,182,149,165,176,164,183,173,170,10
165,182,149,165,176,164,183,173,170,190,-10
182,149,165,176,164,183,173,170,190,149,-9
149,165,176,164,183,173,170,190,149,169,-5
165,176,164,183,173,170,190,149,169,162,4
176,164,183,173,170,190,149,169,162,173,9
164,183,173,170,190,149,169,162,173,176,10
183,173,170,190,149,169,162,173,176,201,-5
173,170,190,149,169,162,173,176,201,167,10
170,190,149,169,162,173,176,201,167,196,-10
190,149,169,162,173,176,201,167,196,163,7
149,169,162,173,176,201,167,196,163,189,-7
169,162,173,176,201,167,196,163,189,167,-9
162,173,176,201,167,196,163,189,167,172,-5
173,176,201,167,196,163,189,167,172,171,10
176,201,167,196,163,189,167,172,171,188,10
201,167,196,163,189,167,172,171,188,215,4
167,196,163,189,167,172,171,188,215,183,-10
196,163,189,167,172,171,188,215,183,177,-9
163,189,167,172,171,188,215,183,177,178,-10
189,167,172,171,188,215,183,177,178,157,-10
167,172,171,188,215,183,177,178,157,144,-10
172,171,188,215,183,177,178,157,144,147,-10
171,188,215,183,177,178,157,144,147,139,10
188,215,183,177,178,157,144,147,139,174,10
215,183,177,178,157,144,147,139,174,171,-10
183,177,178,157,144,147,139,174,171,154,3
177,178,157,144,147,139,174,171,154,166,9
178,157,144,147,139,174,171,154,166,168,4
157,144,147,139,174,171,154,166,168,165,9
144,147,139,174,171,154,166,168,165,171,-3
147,139,174,171,154,166,168,165,171,160,10
139,174,171,154,166,168,165,171,160,176,10
174,171,154,166,168,165,171,160,176,183,10
171,154,166,168,165,171,160,176,183,186,10
154,166,168,165,171,160,176,183,186,196,2
166,168,165,171,160,176,183,186,196,178,10
168,165,171,160,176,183,186,196,178,231,10
165,171,160,176,183,186,196,178,231,233,10
171,160,176,183,186,196,178,231,233,216,9
160,176,183,186,196,178,231,233,216,217,-1
176,183,186,196,178,231,233,216,217,208,10
183,186,196,178,231,233,216,217,208,238,10
186,196,178,231,233,216,217,208,238,241,10
196,178,231,233,216,217,208,238,241,286,10
178,231,233,216,217,208,238,241,286,289,10
231,233,216,217,208,238,241,286,289,293,10
233,216,217,208,238,241,286,289,293,304,10
216,217,208,238,241,286,289,293,304,328,10
217,208,238,241,286,289,293,304,328,297,-10
208,238,241,286,289,293,304,328,297,243,-10
238,241,286,289,293,304,328,297,243,265,-10
241,286,289,293,304,328,297,243,265,247,-10
286,289,293,304,328,297,243,265,247,250,10
289,293,304,328,297,243,265,247,250,298,1
293,304,328,297,243,265,247,250,298,265,-4
304,328,297,243,265,247,250,298,265,275,10
328,297,243,265,247,250,298,265,275,322,10
297,243,265,247,250,298,265,275,322,319,10
243,265,247,250,298,265,275,322,319,304,-10
265,247,250,298,265,275,322,319,304,273,-10
247,250,298,265,275,322,319,304,273,266,10
250,298,265,275,322,319,304,273,266,325,10
298,265,275,322,319,304,273,266,325,330,10
265,275,322,319,304,273,266,325,330,339,10
275,322,319,304,273,266,325,330,339,323,-10
322,319,304,273,266,325,330,339,323,290,1
319,304,273,266,325,330,339,323,290,319,10
304,273,266,325,330,339,323,290,319,355,10
273,266,325,330,339,323,290,319,355,351,10
266,325,330,339,323,290,319,355,351,352,10
325,330,339,323,290,319,355,351,352,401,8
330,339,323,290,319,355,351,352,401,348,10
339,323,290,319,355,351,352,401,348,371,10
323,290,319,355,351,352,401,348,371,414,10
290,319,355,351,352,401,348,371,414,399,10
319,355,351,352,401,348,371,414,399,443,10
355,351,352,401,348,371,414,399,443,423,10
351,352,401,348,371,414,399,443,423,442,10
352,401,348,371,414,399,443,423,442,439,-10
401,348,371,414,399,443,423,442,439,381,10
348,371,414,399,443,423,442,439,381,463,10
371,414,399,443,423,442,439,381,463,429,10
414,399,443,423,442,439,381,463,429,499,10
399,443,423,442,439,381,463,429,499,452,-10
443,423,442,439,381,463,429,499,452,419,-10
423,442,439,381,463,429,499,452,419,422,-1
442,439,381,463,429,499,452,419,422,438,8
439,381,463,429,499,452,419,422,438,442,9
381,463,429,499,452,419,422,438,442,445,-10
463,429,499,452,419,422,438,442,445,402,10
429,499,452,419,422,438,442,445,402,455,10
499,452,419,422,438,442,445,402,455,451,10
452,419,422,438,442,445,402,455,451,466,10
419,422,438,442,445,402,455,451,466,501,10
422,438,442,445,402,455,451,466,501,510,10
438,442,445,402,455,451,466,501,510,485,-10
442,445,402,455,451,466,501,510,485,418,10
445,402,455,451,466,501,510,485,418,496,-10
402,455,451,466,501,510,485,418,496,391,-10
455,451,466,501,510,485,418,496,391,456,10
451,466,501,510,485,418,496,391,456,466,-10
466,501,510,485,418,496,391,456,466,418,-10
501,510,485,418,496,391,456,466,418,444,-10
510,485,418,496,391,456,466,418,444,434,10
485,418,496,391,456,466,418,444,434,462,-10
418,496,391,456,466,418,444,434,462,394,-10
496,391,456,466,418,444,434,462,394,406,10
391,456,466,418,444,434,462,394,406,450,10
456,466,418,444,434,462,394,406,450,462,-10
466,418,444,434,462,394,406,450,462,413,-10
418,444,434,462,394,406,450,462,413,329,-10
444,434,462,394,406,450,462,413,329,376,-10
434,462,394,406,450,462,413,329,376,366,-10
462,394,406,450,462,413,329,376,366,335,-10
394,406,450,462,413,329,376,366,335,371,-2
406,450,462,413,329,376,366,335,371,368,-10
450,462,413,329,376,366,335,371,368,336,10
462,413,329,376,366,335,371,368,336,396,-10
413,329,376,366,335,371,368,336,396,340,-10
329,376,366,335,371,368,336,396,340,341,2
376,366,335,371,368,336,396,340,341,358,-10
366,335,371,368,336,396,340,341,358,324,5
335,371,368,336,396,340,341,358,324,360,-10
371,368,336,396,340,341,358,324,360,324,-10
368,336,396,340,341,358,324,360,324,331,-3
336,396,340,341,358,324,360,324,331,339,-10
396,340,341,358,324,360,324,331,339,307,-10
340,341,358,324,360,324,331,339,307,313,-10
341,358,324,360,324,331,339,307,313,310,-10
358,324,360,324,331,339,307,313,310,298,-10
324,360,324,331,339,307,313,310,298,294,2
360,324,331,339,307,313,310,298,294,314,10
324,331,339,307,313,310,298,294,314,323,-10
331,339,307,313,310,298,294,314,323,288,-10
339,307,313,310,298,294,314,323,288,219,-10
307,313,310,298,294,314,323,288,219,268,-10
313,310,298,294,314,323,288,219,268,243,-10
310,298,294,314,323,288,219,268,243,232,-10
298,294,314,323,288,219,268,243,232,222,-10
294,314,323,288,219,268,243,232,222,222,-3
314,323,288,219,268,243,232,222,222,243,10
323,288,219,268,243,232,222,222,243,252,10
288,219,268,243,232,222,222,243,252,280,10
219,268,243,232,222,222,243,252,280,268,-10
268,243,232,222,222,243,252,280,268,232,-10
243,232,222,222,243,252,280,268,232,237,10
232,222,222,243,252,280,268,232,237,266,1
222,222,243,252,280,268,232,237,266,244,10
222,243,252,280,268,232,237,266,244,278,-10
243,252,280,268,232,237,266,244,278,208,-10
252,280,268,232,237,266,244,278,208,183,-10
280,268,232,237,266,244,278,208,183,192,-10
268,232,237,266,244,278,208,183,192,194,-1
232,237,266,244,278,208,183,192,194,214,-10
237,266,244,278,208,183,192,194,214,189,-10
266,244,278,208,183,192,194,214,189,182,-1
244,278,208,183,192,194,214,189,182,204,-6
278,208,183,192,194,214,189,182,204,191,10
208,183,192,194,214,189,182,204,191,228,-10
183,192,194,214,189,182,204,191,228,173,-10
192,194,214,189,182,204,191,228,173,163,-10
194,214,189,182,204,191,228,173,163,163,-10
214,189,182,204,191,228,173,163,163,165,-10
189,182,204,191,228,173,163,163,165,150,4
182,204,191,228,173,163,163,165,150,178,4
204,191,228,173,163,163,165,150,178,171,-10
191,228,173,163,163,165,150,178,171,145,-2
228,173,163,163,165,150,178,171,145,170,-4
173,163,163,165,150,178,171,145,170,158,-10
163,163,165,150,178,171,145,170,158,148,5
163,165,150,178,171,145,170,158,148,166,6
165,150,178,171,145,170,158,148,166,162,10
150,178,171,145,170,158,148,166,162,172,10
178,171,145,170,158,148,166,162,172,170,10
171,145,170,158,148,166,162,172,170,176,10
145,170,158,148,166,162,172,170,176,197,10
170,158,148,166,162,172,170,176,197,188,10
158,148,166,162,172,170,176,197,188,213,5
148,166,162,172,170,176,197,188,213,184,10
166,162,172,170,176,197,188,213,184,207,10
162,172,170,176,197,188,213,184,207,251,-10
172,170,176,197,188,213,184,207,251,177,-10
170,176,197,188,213,184,207,251,177,192,10
176,197,188,213,184,207,251,177,192,217,10
197,188,213,184,207,251,177,192,217,267,10
188,213,184,207,251,177,192,217,267,293,10
213,184,207,251,177,192,217,267,293,287,10
184,207,251,177,192,217,267,293,287,321,10
207,251,177,192,217,267,293,287,321,325,10
251,177,192,217,267,293,287,321,325,323,3
177,192,217,267,293,287,321,325,323,293,10
192,217,267,293,287,321,325,323,293,329,10
217,267,293,287,321,325,323,293,329,333,10
267,293,287,321,325,323,293,329,333,324,10
293,287,321,325,323,293,329,333,324,361,10
287,321,325,323,293,329,333,324,361,344,10
321,325,323,293,329,333,324,361,344,374,10
325,323,293,329,333,324,361,344,374,377,10
323,293,329,333,324,361,344,374,377,363,-10
293,329,333,324,361,344,374,377,363,344,10
329,333,324,361,344,374,377,363,344,370,-7
333,324,361,344,374,377,363,344,370,346,1
324,361,344,374,377,363,344,370,346,361,-6
361,344,374,377,363,344,370,346,361,350,-5
344,374,377,363,344,370,346,361,350,354,10
374,377,363,344,370,346,361,350,354,387,-10
377,363,344,370,346,361,350,354,387,344,10
363,344,370,346,361,350,354,387,344,401,10
344,370,346,361,350,354,387,344,401,473,10
370,346,361,350,354,387,344,401,473,415,-10
346,361,350,354,387,344,401,473,415,388,-10
361,350,354,387,344,401,473,415,388,388,10
350,354,387,344,401,473,415,388,388,496,-3
354,387,344,401,473,415,388,388,496,391,10
387,344,401,473,415,388,388,496,391,499,10
344,401,473,415,388,388,496,391,499,472,10
401,473,415,388,388,496,391,499,472,510,10
473,415,388,388,496,391,499,472,510,535,10
415,388,388,496,391,499,472,510,535,538,10
388,388,496,391,499,472,510,535,538,504,-1
388,496,391,499,472,510,535,538,504,502,10
496,391,499,472,510,535,538,504,502,604,10
391,499,472,510,535,538,504,502,604,560,10
499,472,510,535,538,504,502,604,560,549,-7
472,510,535,538,504,502,604,560,549,538,-10
510,535,538,504,502,604,560,549,538,521,10
535,538,504,502,604,560,549,538,521,593,10
538,504,502,604,560,549,538,521,593,549,-10
504,502,604,560,549,538,521,593,549,506,-10
502,604,560,549,538,521,593,549,506,482,10
604,560,549,538,521,593,549,506,482,628,10
560,549,538,521,593,549,506,482,628,630,-10
549,538,521,593,549,506,482,628,630,502,10
538,521,593,549,506,482,628,630,502,591,10
521,593,549,506,482,628,630,502,591,595,-10
593,549,506,482,628,630,502,591,595,512,-6
549,506,482,628,630,502,591,595,512,570,-10
506,482,628,630,502,591,595,512,570,531,10
482,628,630,502,591,595,512,570,531,571,10
628,630,502,591,595,512,570,531,571,577,-2
630,502,591,595,512,570,531,571,577,561,-10
502,591,595,512,570,531,571,577,561,548,-10
591,595,512,570,531,571,577,561,548,523,-10
595,512,570,531,571,577,561,548,523,503,-10
512,570,531,571,577,561,548,523,503,504,-10
570,531,571,577,561,548,523,503,504,499,-10
531,571,577,561,548,523,503,504,499,454,-6
571,577,561,548,523,503,504,499,454,512,10
577,561,548,523,503,504,499,454,512,522,10
561,548,523,503,504,499,454,512,522,529,10
548,523,503,504,499,454,512,522,529,561,10
523,503,504,499,454,512,522,529,561,554,10
503,504,499,454,512,522,529,561,554,555,-10
504,499,454,512,522,529,561,554,555,510,-10
499,454,512,522,529,561,554,555,510,463,-2
454,512,522,529,561,554,555,510,463,525,-10
512,522,529,561,554,555,510,463,525,486,-10
522,529,561,554,555,510,463,525,486,431,-10
529,561,554,555,510,463,525,486,431,471,6
561,554,555,510,463,525,486,431,471,489,-10
554,555,510,463,525,486,431,471,489,466,-10
555,510,463,525,486,431,471,489,466,459,-10
510,463,525,486,431,471,489,466,459,463,-10
463,525,486,431,471,489,466,459,463,364,-10
525,486,431,471,489,466,459,463,364,260,-10
486,431,471,489,466,459,463,364,260,40,-10
431,471,489,466,459,463,364,260,40,44,-10
471,489,466,459,463,364,260,40,44,221,10
489,466,459,463,364,260,40,44,221,339,10
466,459,463,364,260,40,44,221,339,411,10
459,463,364,260,40,44,221,339,411,367,10
463,364,260,40,44,221,339,411,367,410,10
364,260,40,44,221,339,411,367,410,386,-9
260,40,44,221,339,411,367,410,386,326,-10
40,44,221,339,411,367,410,386,326,321,-10
44,221,339,411,367,410,386,326,321,295,10
221,339,411,367,410,386,326,321,295,365,1
339,411,367,410,386,326,321,295,365,329,-10
411,367,410,386,326,321,295,365,329,190,-10
367,410,386,326,321,295,365,329,190,57,-10
410,386,326,321,295,365,329,190,57,218,10
386,326,321,295,365,329,190,57,218,276,10
326,321,295,365,329,190,57,218,276,278,10
321,295,365,329,190,57,218,276,278,291,10
295,365,329,190,57,218,276,278,291,296,10
365,329,190,57,218,276,278,291,296,273,10
329,190,57,218,276,278,291,296,273,317,10
190,57,218,276,278,291,296,273,317,287,-4
57,218,276,278,291,296,273,317,287,274,-4
218,276,278,291,296,273,317,287,274,275,-10
276,278,291,296,273,317,287,274,275,231,-7
278,291,296,273,317,287,274,275,231,276,-4
291,296,273,317,287,274,275,231,276,262,10
296,273,317,287,274,275,231,276,262,296,-6
273,317,287,274,275,231,276,262,296,263,-10
317,287,274,275,231,276,262,296,263,240,-10
287,274,275,231,276,262,296,263,240,249,-10
274,275,231,276,262,296,263,240,249,211,-10
275,231,276,262,296,263,240,249,211,220,10
231,276,262,296,263,240,249,211,220,300,-10
276,262,296,263,240,249,211,220,300,216,-5
262,296,263,240,249,211,220,300,216,257,10
296,263,240,249,211,220,300,216,257,265,10
263,240,249,211,220,300,216,257,265,280,10
240,249,211,220,300,216,257,265,280,291,10
249,211,220,300,216,257,265,280,291,309,-10
211,220,300,216,257,265,280,291,309,249,-10
220,300,216,257,265,280,291,309,249,270,-6
300,216,257,265,280,291,309,249,270,263,-10
216,257,265,280,291,309,249,270,263,248,-10
257,265,280,291,309,249,270,263,248,206,-10
265,280,291,309,249,270,263,248,206,212,-10
280,291,309,249,270,263,248,206,212,169,-10
291,309,249,270,263,248,206,212,169,185,-10
309,249,270,263,248,206,212,169,185,181,10
249,270,263,248,206,212,169,185,181,250,10
270,263,248,206,212,169,185,181,250,217,10
263,248,206,212,169,185,181,250,217,271,10
248,206,212,169,185,181,250,217,271,297,10
206,212,169,185,181,250,217,271,297,274,-8
212,169,185,181,250,217,271,297,274,243,10
169,185,181,250,217,271,297,274,243,275,10
185,181,250,217,271,297,274,243,275,261,10
181,250,217,271,297,274,243,275,261,329,10
250,217,271,297,274,243,275,261,329,279,10
217,271,297,274,243,275,261,329,279,330,10
271,297,274,243,275,261,329,279,330,363,10
297,274,243,275,261,329,279,330,363,377,10
274,243,275,261,329,279,330,363,377,389,10
243,275,261,329,279,330,363,377,389,425,10
275,261,329,279,330,363,377,389,425,393,-10
261,329,279,330,363,377,389,425,393,359,10
329,279,330,363,377,389,425,393,359,391,-10
279,330,363,377,389,425,393,359,391,336,10
330,363,377,389,425,393,359,391,336,415,10
363,377,389,425,393,359,391,336,415,461,10
377,389,425,393,359,391,336,415,461,461,-10
389,425,393,359,391,336,415,461,461,396,7
425,393,359,391,336,415,461,461,396,432,10
393,359,391,336,415,461,461,396,432,426,-10
359,391,336,415,461,461,396,432,426,388,10
391,336,415,461,461,396,432,426,388,429,-10
336,415,461,461,396,432,426,388,429,388,-10
415,461,461,396,432,426,388,429,388,341,10
461,461,396,432,426,388,429,388,341,423,10
461,396,432,426,388,429,388,341,423,433,10
396,432,426,388,429,388,341,423,433,435,10
432,426,388,429,388,341,423,433,435,435,10
426,388,429,388,341,423,433,435,435,492,10
388,429,388,341,423,433,435,435,492,505,10
429,388,341,423,433,435,435,492,505,474,-10
388,341,423,433,435,435,492,505,474,414,-10
341,423,433,435,435,492,505,474,414,401,-8
423,433,435,435,492,505,474,414,401,436,10
433,435,435,492,505,474,414,401,436,518,10
435,435,492,505,474,414,401,436,518,507,10
435,492,505,474,414,401,436,518,507,497,10
492,505,474,414,401,436,518,507,497,570,-10
505,474,414,401,436,518,507,497,570,472,-10
474,414,401,436,518,507,497,570,472,501,-10
414,401,436,518,507,497,570,472,501,478,10
401,436,518,507,497,570,472,501,478,525,10
436,518,507,497,570,472,501,478,525,518,10
518,507,497,570,472,501,478,525,518,556,10
507,497,570,472,501,478,525,518,556,523,10
497,570,472,501,478,525,518,556,523,539,10
570,472,501,478,525,518,556,523,539,538,-10
472,501,478,525,518,556,523,539,538,517,10
501,478,525,518,556,523,539,538,517,559,10
478,525,518,556,523,539,538,517,559,630,10
525,518,556,523,539,538,517,559,630,569,-10
518,556,523,539,538,517,559,630,569,532,-6
556,523,539,538,517,559,630,569,532,560,6
523,539,538,517,559,630,569,532,560,558,10
539,538,517,559,630,569,532,560,558,599,-10
538,517,559,630,569,532,560,558,599,539,-10
517,559,630,569,532,560,558,599,539,524,-10
559,630,569,532,560,558,599,539,524,544,-10
630,569,532,560,558,599,539,524,544,495,-10
569,532,560,558,599,539,524,544,495,524,-10
532,560,558,599,539,524,544,495,524,509,10
560,558,599,539,524,544,495,524,509,566,10
558,599,539,524,544,495,524,509,566,567,-10
599,539,524,544,495,524,509,566,567,507,-10
539,524,544,495,524,509,566,567,507,510,10
524,544,495,524,509,566,567,507,510,588,-10
544,495,524,509,566,567,507,510,588,500,10
495,524,509,566,567,507,510,588,500,639,10
524,509,566,567,507,510,588,500,639,590,-10
509,566,567,507,510,588,500,639,590,472,-10
566,567,507,510,588,500,639,590,472,491,-10
567,507,510,588,500,639,590,472,491,498,-10
507,510,588,500,639,590,472,491,498,479,-10
510,588,500,639,590,472,491,498,479,451,-10
588,500,639,590,472,491,498,479,451,470,-10
500,639,590,472,491,498,479,451,470,469,10
639,590,472,491,498,479,451,470,469,498,-10
590,472,491,498,479,451,470,469,498,410,-10
472,491,498,479,451,470,469,498,410,357,-10
491,498,479,451,470,469,498,410,357,405,-4
498,479,451,470,469,498,410,357,405,421,10
479,451,470,469,498,410,357,405,421,533,10
451,470,469,498,410,357,405,421,533,483,-8
470,469,498,410,357,405,421,533,483,455,-10
469,498,410,357,405,421,533,483,455,377,-10
498,410,357,405,421,533,483,455,377,372,-10
410,357,405,421,533,483,455,377,372,372,10
357,405,421,533,483,455,377,372,372,419,10
405,421,533,483,455,377,372,372,419,501,10
421,533,483,455,377,372,372,419,501,429,-10
533,483,455,377,372,372,419,501,429,363,-10
483,455,377,372,372,419,501,429,363,361,-10
455,377,372,372,419,501,429,363,361,371,-10
377,372,372,419,501,429,363,361,371,368,-10
372,372,419,501,429,363,361,371,368,374,-7
372,419,501,429,363,361,371,368,374,376,-10
419,501,429,363,361,371,368,374,376,342,-10
501,429,363,361,371,368,374,376,342,317,-10
429,363,361,371,368,374,376,342,317,290,-10
363,361,371,368,374,376,342,317,290,307,-10
361,371,368,374,376,342,317,290,307,264,-10
371,368,374,376,342,317,290,307,264,252,7
368,374,376,342,317,290,307,264,252,312,-10
374,376,342,317,290,307,264,252,312,256,10
376,342,317,290,307,264,252,312,256,315,10
342,317,290,307,264,252,312,256,315,301,10
317,290,307,264,252,312,256,315,301,316,-7
290,307,264,252,312,256,315,301,316,287,-9
307,264,252,312,256,315,301,316,287,291,10
264,252,312,256,315,301,316,287,291,304,-10
252,312,256,315,301,316,287,291,304,248,5
312,256,315,301,316,287,291,304,248,302,10
256,315,301,316,287,291,304,248,302,294,-10
315,301,316,287,291,304,248,302,294,259,-10
301,316,287,291,304,248,302,294,259,267,7
316,287,291,304,248,302,294,259,267,286,-10
287,291,304,248,302,294,259,267,286,244,10
291,304,248,302,294,259,267,286,244,297,-6
304,248,302,294,259,267,286,244,297,262,-10
248,302,294,259,267,286,244,297,262,244,-6
302,294,259,267,286,244,297,262,244,266,10
294,259,267,286,244,297,262,244,266,310,10
259,267,286,244,297,262,244,266,310,333,-10
267,286,244,297,262,244,266,310,333,258,-10
286,244,297,262,244,266,310,333,258,212,-10
244,297,262,244,266,310,333,258,212,218,10
297,262,244,266,310,333,258,212,218,289,-3
262,244,266,310,333,258,212,218,289,245,-10
244,266,310,333,258,212,218,289,245,201,10
266,310,333,258,212,218,289,245,201,285,10
310,333,258,212,218,289,245,201,285,332,-10
333,258,212,218,289,245,201,285,332,230,-10
258,212,218,289,245,201,285,332,230,190,-10
212,218,289,245,201,285,332,230,190,187,-10
218,289,245,201,285,332,230,190,187,159,-10
289,245,201,285,332,230,190,187,159,170,10
245,201,285,332,230,190,187,159,170,217,10
201,285,332,230,190,187,159,170,217,278,10
285,332,230,190,187,159,170,217,278,226,-10
332,230,190,187,159,170,217,278,226,194,-10
230,190,187,159,170,217,278,226,194,181,10
190,187,159,170,217,278,226,194,181,266,7
187,159,170,217,278,226,194,181,266,205,-10
159,170,217,278,226,194,181,266,205,189,10
170,217,278,226,194,181,266,205,189,245,10
217,278,226,194,181,266,205,189,245,233,10
278,226,194,181,266,205,189,245,233,259,10
226,194,181,266,205,189,245,233,259,355,10
194,181,266,205,189,245,233,259,355,323,10
181,266,205,189,245,233,259,355,323,369,10
266,205,189,245,233,259,355,323,369,306,10
205,189,245,233,259,355,323,369,306,355,10
189,245,233,259,355,323,369,306,355,394,-10
245,233,259,355,323,369,306,355,394,310,10
233,259,355,323,369,306,355,394,310,363,10
259,355,323,369,306,355,394,310,363,358,10
355,323,369,306,355,394,310,363,358,401,10
323,369,306,355,394,310,363,358,401,391,10
369,306,355,394,310,363,358,401,391,391,10
306,355,394,310,363,358,401,391,391,464,10
355,394,310,363,358,401,391,391,464,406,-10
394,310,363,358,401,391,391,464,406,380,-6
310,363,358,401,391,391,464,406,380,398,10
363,358,401,391,391,464,406,380,398,452,-10
358,401,391,391,464,406,380,398,452,373,10
401,391,391,464,406,380,398,452,373,482,10
391,391,464,406,380,398,452,373,482,438,-10
391,464,406,380,398,452,373,482,438,422,10
464,406,380,398,452,373,482,438,422,522,-10
406,380,398,452,373,482,438,422,522,404,-10
380,398,452,373,482,438,422,522,404,411,7
398,452,373,482,438,422,522,404,411,441,10
452,373,482,438,422,522,404,411,441,481,10
373,482,438,422,522,404,411,441,481,491,10
482,438,422,522,404,411,441,481,491,509,-10
438,422,522,404,411,441,481,491,509,425,-10
422,522,404,411,441,481,491,509,425,382,-10
522,404,411,441,481,491,509,425,382,408,10
404,411,441,481,491,509,425,382,408,447,10
411,441,481,491,509,425,382,408,447,473,10
441,481,491,509,425,382,408,447,473,499,10
481,491,509,425,382,408,447,473,499,539,10
491,509,425,382,408,447,473,499,539,500,10
509,425,382,408,447,473,499,539,500,520,10
425,382,408,447,473,499,539,500,520,546,10
382,408,447,473,499,539,500,520,546,581,10
408,447,473,499,539,500,520,546,581,520,-10
447,473,499,539,500,520,546,581,520,515,10
473,499,539,500,520,546,581,520,515,635,10
499,539,500,520,546,581,520,515,635,628,10
539,500,520,546,581,520,515,635,628,625,-10
500,520,546,581,520,515,635,628,625,562,-10
520,546,581,520,515,635,628,625,562,528,10
546,581,520,515,635,628,625,562,528,633,10
581,520,515,635,628,625,562,528,633,605,-10
520,515,635,628,625,562,528,633,605,523,10
515,635,628,625,562,528,633,605,523,611,4
635,628,625,562,528,633,605,523,611,573,7
628,625,562,528,633,605,523,611,573,597,-10
625,562,528,633,605,523,611,573,597,510,-10
562,528,633,605,523,611,573,597,510,516,7
528,633,605,523,611,573,597,510,516,564,10
633,605,523,611,573,597,510,516,564,634,-10
605,523,611,573,597,510,516,564,634,432,-10
523,611,573,597,510,516,564,634,432,570,10
611,573,597,510,516,564,634,432,570,591,10
573,597,510,516,564,634,432,570,591,593,7
597,510,516,564,634,432,570,591,593,568,-10
510,516,564,634,432,570,591,593,568,546,-10
516,564,634,432,570,591,593,568,546,527,10
564,634,432,570,591,593,568,546,527,614,10
634,432,570,591,593,568,546,527,614,585,-10
432,570,591,593,568,546,527,614,585,552,-2
570,591,593,568,546,527,614,585,552,571,-10
591,593,568,546,527,614,585,552,571,520,-10
593,568,546,527,614,585,552,571,520,468,-10
568,546,527,614,585,552,571,520,468,459,-10
546,527,614,585,552,571,520,468,459,432,-10
527,614,585,552,571,520,468,459,432,466,-4
614,585,552,571,520,468,459,432,466,482,-10
585,552,571,520,468,459,432,466,482,390,-3
552,571,520,468,459,432,466,482,390,482,-10
571,520,468,459,432,466,482,390,482,399,-10
520,468,459,432,466,482,390,482,399,433,-10
468,459,432,466,482,390,482,399,433,218,-10
459,432,466,482,390,482,399,433,218,365,10
432,466,482,390,482,399,433,218,365,422,10
466,482,390,482,399,433,218,365,422,388,10
482,390,482,399,433,218,365,422,388,459,10
390,482,399,433,218,365,422,388,459,453,10
482,399,433,218,365,422,388,459,453,445,10
399,433,218,365,422,388,459,453,445,438,10
433,218,365,422,388,459,453,445,438,458,10
218,365,422,388,459,453,445,438,458,461,10
365,422,388,459,453,445,438,458,461,502,-8
422,388,459,453,445,438,458,461,502,439,-10
388,459,453,445,438,458,461,502,439,388,-10
459,453,445,438,458,461,502,439,388,376,-10
